folio,cuenta,fecha_aplicacion,reserva,cliente,proveedor,ingreso,egreso,recibo,orden_pago,odp_grupal,file,pago_file,monedero_cliente,monedero_prv,referencia,cargo,abono,tipo,folio_traspaso,concepto,moneda,tipo_cambio,reembolso,es_comision
1029611,2WTW6NIB,2025-04-09,2,406815,0,0,0,2,0,0,0,0,0,0,COBRADO,0.00,14531.50,V,0,"Pago 100% del viaje",EUR,1.00,0,0
1031540,2WTW6NIB,2025-04-14,3,407585,0,0,0,4,0,0,0,0,0,0,"COBRADO - BANCA MARCH EUR",0.00,1164.00,V,0,"EXCURSIONES DOHA NICOLAS REVUELTO/BEGOÑA LOPEZ",EUR,1.00,0,0
1031572,58F4C17Z,2025-04-14,3,0,27335,0,0,0,7,0,0,0,0,0,"PAGADO - B. MARCH USD",1080.00,0.00,V,0,"Pago 100%  EQ/INV-04-00050",USD,0.88,0,0
1045942,2WTW6NIB,2025-04-30,8,407585,0,0,0,8,0,0,0,0,0,0,"COBRADO - BANCA MARCH EUR",0.00,3730.00,V,0,"Primer Pago Nicolas & Begoña",EUR,1.00,0,0
1045943,2WTW6NIB,2025-05-02,8,407585,0,0,0,9,0,0,0,0,0,0,"COBRADO - BANCA MARCH EUR",0.00,3730.00,V,0,"Pago viaje Raquel & Celia ",EUR,1.00,0,0
1045944,2WTW6NIB,2025-04-30,6,410267,0,0,0,7,0,0,0,0,0,0,"COBRADO - BANCA MARCH EUR",0.00,5280.00,V,0,"Pago viaje Empresa",EUR,1.00,0,0
1046841,2WTW6NIB,2025-05-06,9,410955,0,0,0,10,0,0,0,0,0,0,"COBRADO - BANCA MARCH EUR",0.00,6866.01,V,0,"Vuelos Juan Picor ",EUR,1.00,0,0
1047732,58F4C17Z,2025-04-08,1,0,27207,0,0,0,1,0,0,0,0,0,"PAGADO -  INTERCO (WISE USD)",14343.00,0.00,V,0,"Pago Deposito ",USD,1.00,0,0
1047733,58F4C17Z,2025-04-09,1,0,27207,0,0,0,3,0,0,0,0,0,"PAGADO -  INTERCO (WISE USD)",2595.50,0.00,V,0,"Pago vuelos domésticos ",USD,1.00,0,0
1047734,2WTW6NIB,2025-04-09,2,0,27263,0,0,0,5,0,0,0,0,0,"PAGADO- BANCA MARCH EUR",3533.12,0.00,V,0,"RESERVA Y9J9ZU",EUR,1.00,0,0
1047735,2WTW6NIB,2025-04-10,2,0,27259,0,0,0,6,0,0,0,0,0,"PAGADO- BANCA MARCH EUR",7775.53,0.00,V,0,"Barraza x4 20-26 april 2 classic Room",EUR,1.00,0,0
1047736,2WTW6NIB,2025-04-25,4,0,27538,0,0,0,10,0,0,0,0,0,"PAGADO- B. MARCH EUR",3750.00,0.00,V,0,"Primer Pago viaje Raquel reserva 719883/1",EUR,1.00,0,0
1047737,58F4C17Z,2025-05-05,5,0,27687,0,0,0,17,0,0,0,0,0,"PAGADO - WISE USD",500.00,0.00,V,0,"Pago FAM A&K ",USD,1.00,0,0
1047738,2WTW6NIB,2025-04-30,6,0,27605,0,0,0,14,0,0,0,0,0,"PAGADO - TARJETA CREDITO PEDRO",2910.00,0.00,V,0,"PAGO TOTAL HOTEL ",EUR,1.00,0,0
1047739,2WTW6NIB,2025-04-30,8,0,27263,0,0,0,15,0,0,0,0,0,"PAGADO- BANCA MARCH EUR",2517.76,0.00,V,0,"PAGO 100% VUELOS A TROMSO",EUR,1.00,0,0
1047740,58F4C17Z,2025-04-28,2,406815,0,0,0,6,0,0,0,0,0,0,"COBRADO - CHASE USD",0.00,297.92,V,0,"Pago ",USD,0.88,0,0
1047741,58F4C17Z,2025-04-07,1,406243,0,0,0,1,0,0,0,0,0,0,DOSA790717BQ3,0.00,30208.00,V,0,"Pago Depósito (cliente)",USD,1.00,0,0
1047742,2WTW6NIB,2025-04-25,4,409434,0,0,0,5,0,0,0,0,0,0,"COBRADO - BANCA MARCH EUR",0.00,3750.00,V,0,"Primer Pago Viaje",EUR,1.00,0,0
1049613,2WTW6NIB,2025-05-08,5,0,27600,0,0,0,21,0,0,0,0,0,171000002,528.21,0.00,V,0,"Pago billetes FAM trip",EUR,1.00,0,0
1049614,2WTW6NIB,2025-05-08,5,0,27600,0,0,0,22,0,0,0,0,0,171000003,462.00,0.00,V,0,"Pago billetes FAM trip",EUR,1.00,0,0
1049616,2WTW6NIB,2025-05-05,9,0,27688,0,0,0,18,0,0,0,0,0,,3123.08,0.00,V,0,"Pago billete aereo",EUR,1.00,0,0
1049617,2WTW6NIB,2025-05-05,9,0,27688,0,0,0,19,0,0,0,0,0,,3304.72,0.00,V,0,"Pago billetes aéreos",EUR,1.00,0,0
1054548,2WTW6NIB,2025-05-12,10,412474,0,0,0,11,0,0,0,0,0,0,171000005,0.00,426.46,V,0,"Pago billetes aéreos",EUR,1.00,0,0
1054549,2WTW6NIB,2025-05-19,10,0,27600,0,0,0,27,0,0,0,0,0,171000005,426.46,0.00,V,0,"Pago billetes aéreos con tarjeta de crédito",EUR,1.00,0,0
1054550,2WTW6NIB,2025-05-19,2,0,27350,0,0,0,23,0,0,0,0,0,"PAGADO - BANCA MARCH EUR",334.40,0.00,V,0,"Pago total reserva ",EUR,1.00,0,0
1060735,2WTW6NIB,2025-05-23,11,412474,0,0,0,12,0,0,0,0,0,0,,0.00,577.36,V,0,"Pago billetes aéreos",EUR,1.00,0,0
1060766,2WTW6NIB,2025-05-23,9,410955,0,0,0,13,0,0,0,0,0,0,"COBRADO - BANCA MARCH EUR",0.00,10470.00,V,0,"Pago 1 terrestre (Primer Pago)",EUR,1.00,0,0
1060767,2WTW6NIB,2025-05-27,12,415064,0,0,0,14,0,0,0,0,0,0,,0.00,3308.68,V,0,"Pago billetes aéreos",EUR,1.00,0,0
1060768,2WTW6NIB,2025-05-16,12,415064,0,0,0,15,0,0,0,0,0,0,,0.00,3308.68,V,0,"Pago billetes aéreos",EUR,1.00,0,0
1060769,2WTW6NIB,2025-05-27,12,0,27600,0,0,0,31,0,0,0,0,0,171000007,3308.68,0.00,V,0,"Pago billete GALLARDO THURLOW/JUAN IGNACIO",EUR,1.00,0,0
1060770,2WTW6NIB,2025-05-27,12,0,27600,0,0,0,32,0,0,0,0,0,171000008,3308.68,0.00,V,0,"Pago billete LARREA DE GALLARDO/GELA LORENZA",EUR,1.00,0,0
1060771,2WTW6NIB,2025-05-22,11,0,27688,0,0,0,28,0,0,0,0,0,532667,497.36,0.00,V,0,"Pago billetes aéreos",EUR,1.00,0,0
1060772,2WTW6NIB,2025-05-27,8,0,27610,0,0,0,26,0,0,0,0,0,DOMICILIACION,158.92,0.00,V,0,"Pago Seguros",EUR,1.00,0,0
1060773,2WTW6NIB,2025-05-27,6,0,27600,0,0,0,16,0,0,0,0,0,"PAGADO - BANCA MARCH EUR",2047.62,0.00,V,0,"Pago billetes aéreos",EUR,1.00,0,0
1060774,2WTW6NIB,2025-05-27,8,0,27608,0,0,0,24,0,0,0,0,0,"PAGADO - WISE EUR",1897.00,0.00,V,0,"Primer Pago Deposito ",EUR,1.00,0,0
1063403,6KS57267,2025-05-30,9,0,28092,0,0,0,30,0,0,0,0,0,"PAGADO - INTERCO, LLC",1880.00,0.00,V,0,"Primer pago reserva Picornell ",USD,0.89,0,0
1063405,6KS57267,2025-05-30,7,0,27604,0,0,0,13,0,0,0,0,0,"PAGADO - INTERCO (CIBANCO MXN)",6996.43,0.00,V,0,"Pago anticipo",USD,0.01,0,0
1065973,2WTW6NIB,2025-06-03,2,0,27257,0,0,0,2,0,0,0,0,0,"PAGADO - BANCA MARCH EUR",1790.80,0.00,V,0,"Pago no reembolsable 4 pax 2 hb dble premier con desayuno ",EUR,1.00,0,0
1065995,2WTW6NIB,2025-06-02,14,416251,0,0,0,17,0,0,0,0,0,0,,0.00,213.90,V,0,"Pago billetes aéreos + EMD",EUR,1.00,0,0
1065996,2WTW6NIB,2025-06-02,14,416251,0,0,0,18,0,0,0,0,0,0,,0.00,213.90,V,0,"Pago billetes aéreos + EMD - Gorozpe",EUR,1.00,0,0
1066972,2WTW6NIB,2025-06-03,13,410267,0,0,0,19,0,0,0,0,0,0,,0.00,12605.00,V,0,"Pago 50% Terrestre",EUR,1.00,0,0
1066973,2WTW6NIB,2025-06-02,13,410267,0,0,0,16,0,0,0,0,0,0,,0.00,2742.00,V,0,"Pago 100% vuelos ",EUR,1.00,0,0
1073266,2WTW6NIB,2025-06-10,15,0,27688,0,0,0,39,0,0,0,0,0,,960.68,0.00,V,0,"Pago billetes aéreos",EUR,1.00,0,0
1073267,2WTW6NIB,2025-06-12,14,0,27600,0,0,0,34,0,0,0,0,0,102093,213.90,0.00,V,0,"PAGO BILLETES Y EMD CARRETERO/ANDRES",EUR,1.00,0,0
1073268,2WTW6NIB,2025-06-12,14,0,27600,0,0,0,35,0,0,0,0,0,102093,213.90,0.00,V,0,"PAGO BILLETES Y EMD GOROZPE/JAIME",EUR,1.00,0,0
1073269,2WTW6NIB,2025-06-12,13,0,28351,0,0,0,36,0,0,0,0,0,,6894.00,0.00,V,0,"Pago 100 reserva",EUR,1.00,0,0
1073270,2WTW6NIB,2025-06-12,13,0,28387,0,0,0,37,0,0,0,0,0,"PAGADO - TC B.MARCH GANNET",5328.24,0.00,V,0,"Pago 100 reserva",EUR,1.00,0,0
1073271,2WTW6NIB,2025-06-10,13,0,28388,0,0,0,38,0,0,0,0,0,"PAGADO - B.MARCH EUR",1030.00,0.00,V,0,"PAGO COMPLETO RESERVA",EUR,1.00,0,0
1073272,2WTW6NIB,2025-06-11,13,0,27600,0,0,0,33,0,0,0,0,0,"PAGADO - B.MARCH EUR",2770.04,0.00,V,0,"Pago billetes aéreos",EUR,1.00,0,0
1080750,2WTW6NIB,2025-06-17,4,409434,0,0,0,22,0,0,0,0,0,0,"COBRADO - BANCA MARCH EUR",0.00,5913.00,V,0,"Segundo Pago",EUR,1.00,0,0
1080958,2WTW6NIB,2025-06-20,4,0,27538,0,0,0,11,0,0,0,0,0,"PAGADO- B. MARCH EUR",4432.55,0.00,V,0,"Segundo Pago viaje Reserva 719883/1",EUR,1.00,0,0
1080961,2WTW6NIB,2025-06-16,17,419317,0,0,0,21,0,0,0,0,0,0,"COBRADO - B. MARCH EUR",0.00,14734.00,V,0,"Primer Pago vuelos + terrestre",EUR,1.00,0,0
1080963,2WTW6NIB,2025-06-17,17,0,28693,0,0,0,42,0,0,0,0,0,"PAGADO - B. MARCH EUR",6202.20,0.00,V,0,"Primer pago",EUR,1.00,0,0
1080965,2WTW6NIB,2025-06-17,19,420033,0,0,0,23,0,0,0,0,0,0,"COBRADO - B. MARCH EUR",0.00,28496.60,V,0,"Pago total de Viaje",EUR,1.00,0,0
1081841,2WTW6NIB,2025-06-19,19,0,28657,0,0,0,46,0,0,0,0,0,,8650.00,0.00,V,0,"Pago proveedor Absolute Sicilia",EUR,1.00,0,0
1081842,2WTW6NIB,2025-06-07,13,0,28351,0,0,0,40,0,0,0,0,0,,40.32,0.00,V,0,"Tasas ciudad",EUR,1.00,0,0
1090664,2WTW6NIB,2025-07-03,22,420033,0,0,0,25,0,0,0,0,0,0,"Cobrado Banca March EUR",0.00,6222.00,V,0,"Pago total de Viaje",EUR,1.00,0,0
1094072,6KS57267,2025-07-08,7,410263,0,0,0,30,0,0,0,0,0,0,,0.00,35032.81,V,0,"1ER PAGO Japon",USD,1.00,0,0
1095122,2WTW6NIB,2025-07-01,20,420586,0,0,0,31,0,0,0,0,0,0,,0.00,8136.24,V,0,"Pago directo con tarjeta de credito de la pasajera",EUR,1.16,0,0
1095123,58F4C17Z,2025-06-18,16,419042,0,0,0,26,0,0,0,0,0,0,,0.00,201383.45,V,0,"Primer Pago",USD,1.00,0,0
1095124,58F4C17Z,2025-06-30,16,419042,0,0,0,27,0,0,0,0,0,0,,0.00,14720.50,V,0,"Segundo Pago",USD,1.00,0,0
1095125,2WTW6NIB,2025-07-02,21,421132,0,0,0,28,0,0,0,0,0,0,,0.00,27124.26,V,0,"Primer Pago ",EUR,1.00,0,0
1095126,2WTW6NIB,2025-07-07,24,422777,0,0,0,29,0,0,0,0,0,0,,0.00,2400.00,V,0,"Pago emision billetes ITA Airways",EUR,1.00,0,0
1095127,2WTW6NIB,2025-07-09,20,0,28845,0,0,0,47,0,0,0,0,0,,8136.24,0.00,V,0,"Pago directo con tarjeta de crédito de la pasajera",EUR,1.16,0,0
1095128,6831B90J,2025-07-09,16,0,29060,0,0,0,51,0,0,0,0,0,,377.53,0.00,V,0,"Pago Visas Tanzania & Kenia ",EUR,0.89,0,0
1095129,V8HL8Y30,2025-07-09,21,0,28092,0,0,0,56,0,0,0,0,0,"PAGADO - WISE USD",1708.00,0.00,V,0,"Deposito Trails Of Indochina ",USD,0.85,0,0
1095130,V8HL8Y30,2025-07-09,9,0,28091,0,0,0,29,0,0,0,0,0,"PAGADO - WISE USD",3593.32,0.00,V,0,"I25050012 Pago Reserva MRS. PICORNELL ",USD,0.89,0,0
1095133,9O5LTM76,2025-07-09,15,0,29060,0,0,0,49,0,0,0,0,0,,48.88,0.00,V,0,"pago w visa web",EUR,0.94,0,0
1095134,2WTW6NIB,2025-07-09,24,0,27688,0,0,0,52,0,0,0,0,0,,2216.81,0.00,V,0,"Pago billetes",EUR,1.00,0,0
1095135,2WTW6NIB,2025-07-09,16,0,27688,0,0,0,50,0,0,0,0,0,,23117.60,0.00,V,0,"Pago billetes Qatar Airways Familia Martin del Campo ",EUR,0.87,0,0
1098075,2WTW6NIB,2025-07-14,27,424057,0,0,0,35,0,0,0,0,0,0,,0.00,12683.00,V,0,Vuelos,EUR,1.00,0,0
1098076,2WTW6NIB,2025-07-14,27,424057,0,0,0,33,0,0,0,0,0,0,,0.00,15000.00,V,0,"Justificante pago 1",EUR,1.00,0,0
1098077,2WTW6NIB,2025-07-14,27,424057,0,0,0,34,0,0,0,0,0,0,,0.00,1640.00,V,0,"Justificante pago 2",EUR,1.00,0,0
1098078,6KS57267,2025-07-10,25,423490,0,0,0,32,0,0,0,0,0,0,,0.00,3009.42,V,0,"Pago servicios turisticos - Hotel ",USD,0.86,0,0
1098079,2WTW6NIB,2025-07-14,27,0,27688,0,0,0,58,0,0,0,0,0,"PAGADO - B. MARCH EUR",8982.00,0.00,V,0,"Pago emisión billetes Iberia",EUR,1.00,0,0
1105399,2WTW6NIB,2025-07-20,13,410267,0,0,0,39,0,0,0,0,0,0,,0.00,12605.00,V,0,"Pago 2 50% Terrestre",EUR,1.00,0,0
1105400,2WTW6NIB,2025-07-18,29,416251,0,0,0,37,0,0,0,0,0,0,,0.00,197.41,V,0,"Pago emisión billete A3",EUR,1.00,0,0
1105401,2WTW6NIB,2025-07-16,30,425060,0,0,0,38,0,0,0,0,0,0,,0.00,14969.85,V,0,"Pago emisión aéreos BA",EUR,1.00,0,0
1105402,9O5LTM76,2025-07-22,13,0,29632,0,0,0,77,0,0,0,0,0,,3118.00,0.00,V,0,"Actividades (ya pagado)",EUR,1.00,0,0
1105403,2WTW6NIB,2025-07-22,22,0,28972,0,0,0,48,0,0,0,0,0,"PAGADO - B. MARCH EUR",5025.70,0.00,V,0,"Pago total de HOSPEDAJE",EUR,1.00,0,0
1105404,9O5LTM76,2025-07-22,29,0,27600,0,0,0,67,0,0,0,0,0,"BSP - TARJETA",197.41,0.00,V,0,"Pago emisión billete A3",EUR,1.00,0,0
1105405,9O5LTM76,2025-07-22,13,0,27600,0,0,0,72,0,0,0,0,0,,180.00,0.00,V,0,"Pago Asientos ",EUR,1.00,0,0
1105406,6KS57267,2025-07-22,17,0,28093,0,0,0,44,0,0,0,0,0,,1696.50,0.00,V,0,"Pago vuelos ",USD,0.86,0,0
1105407,6KS57267,2025-07-22,7,0,27602,0,0,0,53,0,0,0,0,0,"PAGADO - INTERCO (WISE USD)",13162.81,0.00,V,0,"Pago total Six Senses Kyoto ",USD,1.00,0,0
1105408,6KS57267,2025-07-22,7,0,27603,0,0,0,54,0,0,0,0,0,"PAGADO - INTERCO (CHASE)",1319600.00,0.00,V,0,"Pago total Peninsula Tokyo ",USD,1.00,0,0
1105409,2WTW6NIB,2025-07-22,17,0,27610,0,0,0,41,0,0,0,0,0,,376.02,0.00,V,0,"Pago SEGURO",EUR,1.00,0,0
1105410,2WTW6NIB,2025-07-22,13,0,27610,0,0,0,76,0,0,0,0,0,,127.72,0.00,V,0,"Pago seguros",EUR,1.00,0,0
1105411,2WTW6NIB,2025-07-22,27,0,28693,0,0,0,57,0,0,0,0,0,"PAGADO - B. MARCH EUR",12330.00,0.00,V,0,"Pago adelanto 50% ",EUR,1.00,0,0
1105412,V8HL8Y30,2025-07-22,21,0,29136,0,0,0,62,0,0,0,0,0,"PAGADO - WISE EUR",1633.87,0.00,V,0,"Pago Four Seasons Jimbaran ",USD,0.86,0,0
1105413,2WTW6NIB,2025-07-22,13,0,27350,0,0,0,70,0,0,0,0,0,"PAGADO - B.MARCH EUR",243.10,0.00,V,0,"Pago transfers",EUR,1.00,0,0
1106656,2WTW6NIB,2025-07-22,9,410955,0,0,0,40,0,0,0,0,0,0,,0.00,6694.00,V,0,"Pago 2 terrestre (Segundo pago)",EUR,1.00,0,0
1106664,2WTW6NIB,2025-07-04,23,422242,0,0,0,41,0,0,0,0,0,0,,0.00,29051.73,V,0,"Reservación Backstage Hotel Zermatt Dec-Ene",EUR,1.00,0,0
1106665,2WTW6NIB,2025-07-23,4,0,27538,0,0,0,71,0,0,0,0,0,"PAGADO- B. MARCH EUR",45.00,0.00,V,0,"pago extra traslado privado ",EUR,1.00,0,0
1106666,9O5LTM76,2025-07-23,17,0,29581,0,0,0,73,0,0,0,0,0,,24.00,0.00,V,0,"Asientos web pagados tarjeta ofi",EUR,1.00,0,0
1106667,2WTW6NIB,2025-07-23,17,0,27350,0,0,0,74,0,0,0,0,0,"PAGADO - B. MARCH EUR",298.76,0.00,V,0,"Traslado domicilio - aeropuerto - domicilio",EUR,1.00,0,0
1110834,2WTW6NIB,2025-07-28,9,410955,0,0,0,45,0,0,0,0,0,0,,0.00,850.00,V,0,"Pago Carla ",EUR,1.00,0,0
1110835,2WTW6NIB,2025-07-22,23,422242,0,0,0,43,0,0,0,0,0,0,,0.00,1208.10,V,0,"Seguro de Libre Desistimiento AON",EUR,1.00,0,0
1110836,2WTW6NIB,2025-07-24,30,425060,0,0,0,44,0,0,0,0,0,0,,0.00,32439.50,V,0,"Primer Pago Terrestre ",EUR,1.00,0,0
1110837,9O5LTM76,2025-07-29,13,0,29901,0,0,0,101,0,0,0,0,0,,95.00,0.00,V,0,"Pago vela loewe ya pagado!",EUR,1.00,0,0
1110838,9O5LTM76,2025-07-29,13,0,29901,0,0,0,100,0,0,0,0,0,,105.00,0.00,V,0,"Libro assoulline ya pagado el corte ingles",EUR,1.00,0,0
1110839,9O5LTM76,2025-07-29,13,0,28351,0,0,0,75,0,0,0,0,0,,155.00,0.00,V,0,"Botellas champagne (ya pagado)",EUR,1.00,0,0
1110840,9O5LTM76,2025-07-29,13,0,29632,0,0,0,82,0,0,0,0,0,,50.00,0.00,V,0,"pago extras (ya pagado)",EUR,1.00,0,0
1110841,9O5LTM76,2025-07-29,13,0,29631,0,0,0,83,0,0,0,0,0,,230.00,0.00,V,0,"Invitacion botella champagne (ya pagado tarjeta gannet)",EUR,1.00,0,0
1110842,2WTW6NIB,2025-07-29,13,0,27600,0,0,0,84,0,0,0,0,0,,171.00,0.00,V,0,"Pagos extras reemision y asientos (ya pagado)",EUR,1.00,0,0
1110843,2WTW6NIB,2025-07-29,31,0,27688,0,0,0,89,0,0,0,0,0,,1304.78,0.00,V,0,"Pago billetes FAM trip",EUR,1.00,0,0
1110844,2WTW6NIB,2025-07-29,32,0,27688,0,0,0,93,0,0,0,0,0,,1055.10,0.00,V,0,"Pago billete aereo QR",EUR,1.00,0,0
1110846,9O5LTM76,2025-07-29,13,0,29838,0,0,0,95,0,0,0,0,0,,482.00,0.00,V,0,"YA PAGADO!! RESERVA CENA ",EUR,1.00,0,0
1112846,1N7N7W93,2025-07-30,30,0,29710,0,0,0,102,0,0,0,0,0,"PAGADO - WISE EUR",17106.31,0.00,V,0,"Pago Deposito Amber Tours 30%",EUR,0.88,0,0
1115175,1N7N7W93,2025-07-25,23,0,29073,0,0,0,87,0,0,0,0,0,"PAGADO - WISE EUR",27661.08,0.00,V,0,"Pago de Total de Reservación",EUR,1.07,0,0
1115179,V8HL8Y30,2025-07-16,21,0,29134,0,0,0,55,0,0,0,0,0,"PAGADO - WISE USD",5166.31,0.00,V,0,"Deposito Nihi Sumba ",USD,0.85,0,0
1115182,V8HL8Y30,2025-07-22,9,0,28092,0,0,0,80,0,0,0,0,0,"PAGADO - WISE USD",7522.00,0.00,V,0,"Segundo pago ",USD,0.85,0,0
1115188,6KS57267,2025-07-18,7,0,27604,0,0,0,69,0,0,0,0,0,"PAGADO - INTERCO (CHASE)",23192.00,0.00,V,0,"Pago final Luxury Japan ",USD,0.01,0,0
1115190,6KS57267,2025-07-24,7,0,27604,0,0,0,92,0,0,0,0,0,"PAGADO - INTERCO (CHASE)",39.31,0.00,V,0,"Pago extra (comision de pago)",USD,0.01,0,0
1115193,6KS57267,2025-07-25,7,0,29515,0,0,0,91,0,0,0,0,0,"PAGADO - INTERCO (AMEX)",5068.46,0.00,V,0,"Pago total Four Seasons Otemachi ",USD,0.01,0,0
1115198,2WTW6NIB,2025-07-30,9,410955,0,0,0,46,0,0,0,0,0,0,"PAGADO - B. MARCH EUR",0.00,220.00,V,0,"Pago visados",EUR,1.00,0,0
1116006,58F4C17Z,2025-06-20,16,419042,0,0,0,49,0,0,0,0,0,0,"COBRADO - BANCA MARCH USD",0.00,19325.50,V,0,"Tercer Pago ",USD,1.00,0,0
1118432,2WTW6NIB,2025-08-06,17,0,28693,0,0,0,43,0,0,0,0,0,"PAGADO - B. MARCH EUR",14474.00,0.00,V,0,"Segundo pago ",EUR,1.00,0,0
1118591,1N7N7W93,2025-08-05,32,0,30065,0,0,0,109,0,0,0,0,0,"PAGADO - WISE EUR",732.58,0.00,V,0,"pago deposito",EUR,1.00,0,0
1119396,V8HL8Y30,2025-08-04,16,0,29091,0,0,0,103,0,0,0,0,0,"PAGADO - WISE USD",1380.00,0.00,V,0,"Pago extra Triumph Travel",USD,1.00,0,0
1120750,2WTW6NIB,2025-08-05,17,419317,0,0,0,50,0,0,0,0,0,0,,0.00,12733.00,V,0,"Segundo pago ",EUR,1.00,0,0
1125088,6KS57267,2025-05-13,2,0,27259,0,0,5,0,0,0,0,0,0,M3109099,0.00,801.63,V,0,"Pago de Comisi&oacute;n Pendiente",USD,0.93,0,0
1125089,A4NYP5ID,2025-04-28,2,0,0,0,77975,0,0,0,0,0,0,0,,11.92,0.00,O,0,"Recibo de pago No. 6",EUR,0.00,0,0
1125984,9O5LTM76,2025-07-28,13,0,28388,0,0,0,94,0,0,0,0,0,"PAGADO - TC  GANNET",312.00,0.00,V,0,"Pagado ya con tarjeta",EUR,1.00,0,0
1125985,N7YGAGND,2025-07-28,13,0,29901,0,0,0,99,0,0,0,0,0,PAGADO,12.15,0.00,V,0,"Envio regalo(ya pagado tarjeta)",EUR,1.00,0,0
1129678,58F4C17Z,2025-08-01,33,427648,0,0,0,48,0,0,0,0,0,0,,0.00,4815.00,V,0,"PAGO HOTEL",USD,1.00,0,0
1129679,2WTW6NIB,2025-08-05,32,417999,0,0,0,51,0,0,0,0,0,0,,0.00,750.00,V,0,"great plains deposito",EUR,1.00,0,0
1129681,58F4C17Z,2025-07-30,16,419042,0,0,0,47,0,0,0,0,0,0,,0.00,632.00,V,0,"Pago extra ",USD,1.00,0,0
1130883,2WTW6NIB,2025-08-20,1,406243,0,0,0,52,0,0,0,0,0,0,,0.00,100.00,V,0,"Pago Prueba ",EUR,0.84,0,0
1130884,2WTW6NIB,2025-08-20,1,406243,0,0,0,53,0,0,0,0,0,0,,0.00,35000.00,V,0,"Segundo Pago",EUR,0.86,0,0
1131778,2WTW6NIB,2025-08-20,34,431025,0,0,0,54,0,0,0,0,0,0,,0.00,20032.00,V,0,"Primer pago (100% vuelos + 50% terrestre)",EUR,1.00,0,0
1131779,58F4C17Z,2025-08-21,33,0,30050,0,0,0,108,0,0,0,0,0,,4815.00,0.00,V,0,"Estancia 31JUL-04 AGOSTO",USD,1.00,0,0
1131780,9O5LTM76,2025-08-21,31,0,27600,0,0,0,88,0,0,0,0,0,,464.33,0.00,V,0,"Pago billete aereo FAM",EUR,1.00,0,0
1131781,58F4C17Z,2025-08-21,9,0,29060,0,0,0,96,0,0,0,0,0,,60.00,0.00,V,0,"pago visas camboya (ya pagado)",USD,0.85,0,0
1131782,58F4C17Z,2025-08-21,9,0,29060,0,0,0,97,0,0,0,0,0,,51.00,0.00,V,0,"PAGO VISA LAOS",USD,0.89,0,0
1131783,58F4C17Z,2025-08-21,9,0,29060,0,0,0,98,0,0,0,0,0,,51.00,0.00,V,0,"pago visas ya pagado",USD,0.89,0,0
1131784,2WTW6NIB,2025-08-21,34,0,27688,0,0,0,112,0,0,0,0,0,,7572.06,0.00,V,0,"Pago billetes aéreos",EUR,1.00,0,0
1134747,6KS57267,2025-07-18,27,0,28093,0,0,0,59,0,0,0,0,0,"PAGADO - INTERCO (ARC)",703.20,0.00,V,0,"Pago emisión billetes GOL",USD,0.85,0,0
1134749,6KS57267,2025-07-18,27,0,28093,0,0,0,60,0,0,0,0,0,"PAGADO - INTERCO (ARC)",958.96,0.00,V,0,"Pago emisión billetes LATAM",USD,0.85,0,0
1134751,6KS57267,2025-07-18,27,0,28093,0,0,0,61,0,0,0,0,0,"PAGADO - INTERCO (ARC)",1206.40,0.00,V,0,"Pago emisión billetes AZUL",USD,0.85,0,0
1134758,6KS57267,2025-07-25,30,0,28093,0,0,0,68,0,0,0,0,0,"PAGADO - INTERCO (ARC)",16279.42,0.00,V,0,"Pago emisión billetes ",USD,0.86,0,0
1135467,9O5LTM76,2025-08-26,9,0,29901,0,0,0,110,0,0,0,0,0,,408.60,0.00,V,0,"COMPRA ASIENTOS CON TARJETA YA PAGADO",EUR,1.00,0,0
1137531,6KS57267,2025-08-28,16,0,29091,0,0,0,105,0,0,0,0,0,"PAGADO - INTERCO (CHASE)",7997.00,0.00,V,0,"Segundo Pago Triumph ",USD,1.00,0,0
1137532,6KS57267,2025-08-28,16,0,29091,0,0,0,104,0,0,0,0,0,"PAGADO - INTERCO (CHASE)",150000.00,0.00,V,0,"Primer Pago ",USD,1.00,0,0
1137533,6KS57267,2025-08-28,16,0,29091,0,0,0,106,0,0,0,0,0,"PAGADO - INTERCO (CHASE)",15575.00,0.00,V,0,"Pago extra Triumph Travel ",USD,1.00,0,0
1137534,58F4C17Z,2025-08-28,16,0,29135,0,0,0,113,0,0,0,0,0,,1932.00,0.00,V,0,"Pago Primera Estancia Four Seasons Doha ",USD,1.00,0,0
1137535,58F4C17Z,2025-08-28,16,0,29135,0,0,0,114,0,0,0,0,0,,800.00,0.00,V,0,"Pago Segunda Estancia Four Seasons Doha",USD,1.00,0,0
1137536,6KS57267,2025-08-28,16,0,29135,0,0,0,115,0,0,0,0,0,,1363.63,0.00,V,0,"Pago Tercera Estancia Four Seasons Doha ",USD,1.00,0,0
1141376,6KS57267,2025-07-16,7,410263,0,0,0,55,0,0,0,0,0,0,,0.00,39530.00,V,0,"Segundo Pago",USD,1.00,0,0
1145037,9O5LTM76,2025-09-05,9,0,29060,0,0,0,120,0,0,0,0,0,,102.00,0.00,V,0,"pago de sala premium",EUR,1.00,0,0
1145490,58F4C17Z,2025-09-04,37,433410,0,0,0,58,0,0,0,0,0,0,"COBRADO - B. MARCH USD",0.00,20487.00,V,0,"Primer Pago ",USD,1.00,0,0
1146635,2WTW6NIB,2025-09-04,36,432959,0,0,0,56,0,0,0,0,0,0,,0.00,1606.35,V,0,"Pago Adelanto 30%",EUR,1.00,0,0
1146636,V8HL8Y30,2025-09-08,36,0,30786,0,0,0,123,0,0,0,0,0,"PAGADO - WISE USD",1867.20,0.00,V,0,"Adelanto 30% ",USD,0.86,0,0
1146637,V8HL8Y30,2025-09-08,34,0,28092,0,0,0,118,0,0,0,0,0,"PAGADO - WISE USD",3864.00,0.00,V,0,"Primer pago ",USD,0.87,0,0
1146638,2WTW6NIB,2025-09-08,36,0,27688,0,0,0,124,0,0,0,0,0,,325.70,0.00,V,0,"Pago emisión billetes CX - 84655O",EUR,1.00,0,0
1146639,V8HL8Y30,2025-09-08,37,0,29710,0,0,0,125,0,0,0,0,0,"PAGADO - WISE USD",10343.00,0.00,V,0,"Deposito 30%",USD,1.00,0,0
1148213,2WTW6NIB,2025-09-09,27,424057,0,0,0,59,0,0,0,0,0,0,"COBRADO - B. MARCH EUR",0.00,15000.00,V,0,"Justificante Pago 3",EUR,1.00,0,0
1148654,2WTW6NIB,2025-09-04,36,432959,0,0,0,57,0,0,0,0,0,0,,0.00,388.00,V,0,"Pago billetes aéreos",EUR,1.00,0,0
1148655,9O5LTM76,2025-09-10,9,0,29901,0,0,0,126,0,0,0,0,0,,103.00,0.00,V,0,"Pago Asientos ",EUR,1.00,0,0
1149620,2WTW6NIB,2025-09-09,27,0,28693,0,0,0,127,0,0,0,0,0,"PAGADO - B. MARCH EUR",12038.00,0.00,V,0,"Segundo pago DMC ",EUR,1.00,0,0
1151519,2WTW6NIB,2025-09-12,23,422242,0,0,0,60,0,0,0,0,0,0,,0.00,2284.00,V,0,"Pago emisión aéreos Iberia",EUR,1.00,0,0
1151521,2WTW6NIB,2025-09-15,23,0,27688,0,0,0,129,0,0,0,0,0,,1151.76,0.00,V,0,"Pago emision billetes IB turista",EUR,1.00,0,0
1151522,2WTW6NIB,2025-09-15,23,0,27688,0,0,0,128,0,0,0,0,0,,938.26,0.00,V,0,"Pago emisión billetes IB business",EUR,1.00,0,0
1152521,2WTW6NIB,2025-09-15,27,424057,0,0,0,62,0,0,0,0,0,0,,0.00,1640.00,V,0,"Justificante Pago 4",EUR,1.00,0,0
1152784,2WTW6NIB,2025-09-15,38,434214,0,0,0,61,0,0,0,0,0,0,,0.00,1042.00,V,0,"Pago emisión billetes Iberia - MAD GVA MAD",EUR,1.00,0,0
1152785,2WTW6NIB,2025-09-17,38,0,27688,0,0,0,130,0,0,0,0,0,,971.26,0.00,V,0,"Pago emisión billetes IB",EUR,1.00,0,0
1156701,2WTW6NIB,2025-09-22,28,0,27688,0,0,0,132,0,0,0,0,0,,4985.72,0.00,V,0,"Pago billetes aéreos Iberia",EUR,1.00,0,0
1158806,2WTW6NIB,2025-09-24,34,0,27610,0,0,0,111,0,0,0,0,0,,250.68,0.00,V,0,"Seguro viaje",EUR,1.00,0,0
1162804,6KS57267,2025-06-03,2,0,27257,0,0,1,0,0,0,0,0,0,M3117453,0.00,174.35,V,0,"Pago de Comisi&oacute;n Pendiente",USD,0.88,0,0
1164102,2WTW6NIB,2025-09-25,13,0,28387,0,0,7,0,0,0,0,0,0,Inv_011,0.00,436.36,V,0,"Pago de Comisi&oacute;n Pendiente",EUR,1.00,0,0
1164363,2WTW6NIB,2025-09-25,44,436753,0,0,0,65,0,0,0,0,0,0,"COBRADO - BANCA MARCH EUR",0.00,16059.77,V,0,"Primer Pago ",EUR,1.00,0,0
1165341,2WTW6NIB,2025-09-26,41,436513,0,0,0,66,0,0,0,0,0,0,"COBRADO - BANCA MARCH EUR",0.00,19090.00,V,0,"Primer Pago Terrestre ",EUR,1.00,0,0
1165347,2WTW6NIB,2025-09-24,42,436518,0,0,0,71,0,0,0,0,0,0,"COBRADO - BANCA MARCH EUR",0.00,5652.50,V,0,"Pago 4",EUR,1.00,0,0
1165350,2WTW6NIB,2025-09-24,42,436518,0,0,0,69,0,0,0,0,0,0,"COBRADO - BANCA MARCH EUR",0.00,1650.00,V,0,"Pago 2",EUR,1.00,0,0
1165600,2WTW6NIB,2025-09-30,42,436518,0,0,0,70,0,0,0,0,0,0,"COBRADO - BANCA MARCH EUR",0.00,4002.50,V,0,"Pago 3",EUR,1.00,0,0
1165602,2WTW6NIB,2025-09-23,42,436518,0,0,0,68,0,0,0,0,0,0,"COBRADO - BANCA MARCH EUR",0.00,5652.50,V,0,"Pago 1",EUR,1.00,0,0
1165604,2WTW6NIB,2025-10-02,42,436518,0,0,0,74,0,0,0,0,0,0,"COBRADO - BANCA MARCH EUR",0.00,5652.50,V,0,"Pago 5",EUR,1.00,0,0
1165609,2WTW6NIB,2025-09-30,45,436754,0,0,0,73,0,0,0,0,0,0,"COBRADO - BANCA MARCH EUR",0.00,5122.12,V,0,"Primer pago Belen y Juan",EUR,1.00,0,0
1166293,2WTW6NIB,2025-10-01,48,437875,0,0,0,78,0,0,0,0,0,0,"COBRADO - BANCA MARCH EUR",0.00,21909.00,V,0,"Primer Pago Margarita ",EUR,1.00,0,0
1167811,2WTW6NIB,2025-09-30,21,421132,0,0,0,72,0,0,0,0,0,0,,0.00,16492.00,V,0,"Pago Final ",EUR,1.00,0,0
1167812,2WTW6NIB,2025-10-02,38,434214,0,0,0,76,0,0,0,0,0,0,,0.00,15727.96,V,0,"Pago de Total de Reservación (Sin contar pago diferencia de coche alquiler)",EUR,1.00,0,0
1167813,2WTW6NIB,2025-10-06,44,0,27688,0,0,0,141,0,0,0,0,0,,2690.02,0.00,V,0,"Pago billetes QR",EUR,1.00,0,0
1167814,2WTW6NIB,2025-10-06,45,0,27688,0,0,0,144,0,0,0,0,0,,1192.86,0.00,V,0,"Pago billetes ET",EUR,1.00,0,0
1167815,2WTW6NIB,2025-10-06,45,0,27688,0,0,0,145,0,0,0,0,0,,1121.28,0.00,V,0,"Pago billetes 4Z",EUR,1.00,0,0
1167816,2WTW6NIB,2025-10-06,45,0,27688,0,0,0,146,0,0,0,0,0,,1924.84,0.00,V,0,"Pago billetes LX",EUR,1.00,0,0
1167817,2WTW6NIB,2025-10-06,44,0,27688,0,0,0,143,0,0,0,0,0,,350.80,0.00,V,0,"Pago billetes SA",EUR,1.00,0,0
1167818,2WTW6NIB,2025-10-06,44,0,27688,0,0,0,142,0,0,0,0,0,,1162.86,0.00,V,0,"Pago billetes 4Z",EUR,1.00,0,0
1167819,2WTW6NIB,2025-10-06,43,0,27688,0,0,0,138,0,0,0,0,0,,410.33,0.00,V,0,"Pago emisión billetes AZ",EUR,1.00,0,0
1167820,2WTW6NIB,2025-10-06,39,0,27688,0,0,0,133,0,0,0,0,0,,1347.28,0.00,V,0,"Pago billete aeromexico - LHR MEX",EUR,1.00,0,0
1167821,2WTW6NIB,2025-10-06,41,0,27688,0,0,0,159,0,0,0,0,0,,1066.56,0.00,V,0,"Pago emisión billetes",EUR,1.00,0,0
1167822,2WTW6NIB,2025-10-06,47,0,27688,0,0,0,158,0,0,0,0,0,,2275.54,0.00,V,0,"Pago billetes ",EUR,1.00,0,0
1167823,2WTW6NIB,2025-10-06,49,0,27688,0,0,0,171,0,0,0,0,0,,3515.80,0.00,V,0,"Pago billete IB",EUR,1.00,0,0
1167824,2WTW6NIB,2025-10-06,48,0,27688,0,0,0,170,0,0,0,0,0,,708.38,0.00,V,0,"Pago billetes RJ",EUR,1.00,0,0
1167825,2WTW6NIB,2025-10-06,48,0,27688,0,0,0,168,0,0,0,0,0,,5649.60,0.00,V,0,"Pago billetes IB",EUR,1.00,0,0
1167826,2WTW6NIB,2025-10-06,48,0,27688,0,0,0,169,0,0,0,0,0,,588.68,0.00,V,0,"Pago billetes MS",EUR,1.00,0,0
1167828,2WTW6NIB,2025-10-06,27,0,27350,0,0,0,131,0,0,0,0,0,"PAGADO - B. MARCH EUR",240.90,0.00,V,0,"Pago Traslados Limouxine",EUR,1.00,0,0
1167829,9O5LTM76,2025-10-06,46,0,31172,0,0,0,154,0,0,0,0,0,,1508.38,0.00,V,0,"Pago billete ",EUR,1.00,0,0
1167830,9O5LTM76,2025-10-06,27,0,29901,0,0,0,136,0,0,0,0,0,,95.00,0.00,V,0,"Regalo (Vela Loewe)",EUR,1.00,0,0
1167831,9O5LTM76,2025-10-06,27,0,29901,0,0,0,137,0,0,0,0,0,,105.15,0.00,V,0,"Regalo (Libro Assouline)",EUR,1.00,0,0
1169911,9O5LTM76,2025-10-08,38,0,30989,0,0,0,148,0,0,0,0,0,,47.06,0.00,V,0,"Pago Total de Reservación",EUR,1.00,0,0
1169912,9O5LTM76,2025-10-08,38,0,30989,0,0,0,161,0,0,0,0,0,,1.94,0.00,V,0,"Pago Total",EUR,1.00,0,0
1169913,9O5LTM76,2025-10-08,38,0,30999,0,0,0,177,0,0,0,0,0,,18.18,0.00,V,0,"Pago Boleto Extra Lindt Home of Chocolate",EUR,1.00,0,0
1169914,V8HL8Y30,2025-10-08,44,0,31487,0,0,0,151,0,0,0,0,0,"PAGADO - WISE USD",1271.60,0.00,V,0,"Pago deposito Desert & Delta Safaris",USD,0.85,0,0
1169915,V8HL8Y30,2025-10-08,21,0,28092,0,0,0,149,0,0,0,0,0,"PAGADO - WISE USD",6836.00,0.00,V,0,"Pago final trails of indochina ",USD,0.86,0,0
1169917,V8HL8Y30,2025-10-08,42,0,31486,0,0,0,164,0,0,0,0,0,"PAGADO - WISE USD",18639.21,0.00,V,0,"Pago total DMC",USD,0.86,0,0
1169918,V8HL8Y30,2025-10-08,45,0,31572,0,0,0,156,0,0,0,0,0,"PAGADO - WISE USD",2725.00,0.00,V,0,"Pago deposito Sussurro",USD,0.86,0,0
1169919,V8HL8Y30,2025-10-08,44,0,31490,0,0,0,150,0,0,0,0,0,"PAGADO - WISE USD",1494.00,0.00,V,0,"Pago deposito African Bush Camp",USD,0.85,0,0
1169920,V8HL8Y30,2025-10-08,45,0,31573,0,0,0,157,0,0,0,0,0,"PAGADO - WISE USD",1964.00,0.00,V,0,"Pago deposito Natural Selection",USD,0.86,0,0
1169921,V8HL8Y30,2025-10-08,45,0,29091,0,0,0,155,0,0,0,0,0,"PAGADO - WISE USD",1191.00,0.00,V,0,"Pago deposito Triumph",USD,0.85,0,0
1172967,6KS57267,2025-07-21,28,424563,0,0,0,63,0,0,0,0,0,0,LINK-STRIPE,0.00,6009.42,V,0,"Pago billetes aéreos",USD,0.87,0,0
1172968,2WTW6NIB,2025-10-07,38,0,0,0,82899,0,0,0,0,0,0,0,"COBRADO - B. MARCH EUR",10.54,0.00,O,0,"Comisión tarjeta Amex / Recibo 77",EUR,0.00,0,0
1172969,2WTW6NIB,2025-10-07,38,434214,0,0,0,77,0,0,0,0,0,0,"Tarjeta Amex cliente",0.00,540.26,V,0,"Pago de Diferencia del coche de alquiler",EUR,1.00,0,0
1172970,2WTW6NIB,2025-10-06,38,434214,0,0,0,79,0,0,0,0,0,0,TPV,0.00,4871.70,V,0,"Pago Faltante Baur au Lac Cuarto Extra Noche Extra y Boleto Museo ",EUR,1.00,0,0
1174002,V8HL8Y30,2025-10-14,36,0,30786,0,0,0,180,0,0,0,0,0,"PAGADO - WISE USD",4356.80,0.00,V,0,"Pago restante 70% ",USD,0.86,0,0
1175089,V8HL8Y30,2025-10-14,36,0,0,0,83110,0,0,0,0,0,0,0,,1.13,0.00,O,0,"Folio 180",USD,0.00,0,0
1176241,V8HL8Y30,2025-10-10,36,432959,0,0,0,81,0,0,0,0,0,0,,0.00,4356.80,V,0,"70% Restante pago ",USD,0.86,0,0
1176242,1N7N7W93,2025-10-16,41,0,31172,0,0,0,135,0,0,0,0,0,"VENTA DIRECTA",5513.60,0.00,V,0,"Pago emisión billetes ",EUR,1.00,0,0
1176243,1N7N7W93,2025-09-23,41,436513,0,0,0,64,0,0,0,0,0,0,,0.00,5513.60,V,0,"Compra billetes Iberia - 4 pasajeros MAD CAI MAD ",EUR,1.00,0,0
1176244,1N7N7W93,2025-10-16,48,0,31584,0,0,0,160,0,0,0,0,0,"PAGADO  - WISE EUR",9010.00,0.00,V,0,"Pago deposito A&K",EUR,1.00,0,0
1176245,2WTW6NIB,2025-10-16,38,0,27688,0,0,0,184,0,0,0,0,0,,480.28,0.00,V,0,"Pago reemisión billetes",EUR,1.00,0,0
1176246,2WTW6NIB,2025-10-16,15,0,27688,0,0,0,182,0,0,0,0,0,,273.28,0.00,V,0,"Pago billete MAD RAK MAD",EUR,1.00,0,0
1176247,2WTW6NIB,2025-10-16,51,0,27688,0,0,0,179,0,0,0,0,0,,330.35,0.00,V,0,"Pago billetes",EUR,1.00,0,0
1176248,V8HL8Y30,2025-10-16,44,0,31644,0,0,0,167,0,0,0,0,0,"PAGADO - WISE USD",2120.00,0.00,V,0,"Pago deposito &beyond Benguerra",USD,0.85,0,0
1176249,9O5LTM76,2025-10-16,40,0,31172,0,0,0,134,0,0,0,0,0,,847.50,0.00,V,0,"Pago billetes aereos",EUR,1.00,0,0
1177537,2WTW6NIB,2025-10-17,53,0,27688,0,0,0,193,0,0,0,0,0,,17879.10,0.00,V,0,"Pago billetes",EUR,1.00,0,0
1177538,2WTW6NIB,2025-10-17,52,0,27688,0,0,0,190,0,0,0,0,0,,13693.92,0.00,V,0,"Pago emision billetes",EUR,1.00,0,0
1177539,2WTW6NIB,2025-10-17,52,0,27688,0,0,0,191,0,0,0,0,0,,4223.95,0.00,V,0,"Pago emision billetes",EUR,1.00,0,0
1177540,2WTW6NIB,2025-10-17,53,0,27688,0,0,0,194,0,0,0,0,0,,1889.82,0.00,V,0,"Pago billetes JL",EUR,1.00,0,0
1177541,2WTW6NIB,2025-10-17,38,0,31028,0,0,0,186,0,0,0,0,0,,723.68,0.00,V,0,"Pago de 17-18 de Octubre",EUR,1.00,0,0
1177542,9O5LTM76,2025-05-26,9,0,28094,0,0,0,153,0,0,0,0,0,,190.15,0.00,V,0,"Billetes bangkok - luang prabang pago ",EUR,1.00,0,0
1178567,1N7N7W93,2025-10-17,54,0,29073,0,0,0,196,0,0,0,0,0,"PAGADO - WISE EUR",18556.94,0.00,V,0,"Pago de Total de Reservación",EUR,1.00,0,0
1178568,9O5LTM76,2025-10-20,21,0,32014,0,0,0,185,0,0,0,0,0,,583.40,0.00,V,0,"Compra asientos vuelos Qatar",EUR,1.00,0,0
1178569,N7YGAGND,2025-10-08,38,0,31028,0,0,0,187,0,0,0,0,0,,719.59,0.00,V,0,"Pago de Noche Extra 16-17 Oct",EUR,1.00,0,0
1178570,N7YGAGND,2025-10-08,38,0,31049,0,0,0,172,0,0,0,0,0,,1974.37,0.00,V,0,"Pago de Total de Reservación",EUR,1.00,0,0
1178571,N7YGAGND,2025-10-04,38,0,31029,0,0,0,166,0,0,0,0,0,,3940.53,0.00,V,0,"Pago de Total de Reservación",EUR,1.00,0,0
1178572,N7YGAGND,2025-10-08,38,0,31029,0,0,0,175,0,0,0,0,0,,4246.29,0.00,V,0,"Pago de Total de Reservación",EUR,1.00,0,0
1179643,9O5LTM76,2025-07-17,25,0,29291,0,0,0,199,0,0,0,0,0,"TARJETA GANNET",1485.00,0.00,V,0,"Pago de Total de Reservación",EUR,1.00,0,0
1179673,A4NYP5ID,2025-10-21,26,0,29296,0,0,0,203,0,0,0,0,0,"VENTA DIRECTA",120.00,0.00,V,0,"Total hotel",EUR,1.00,0,0
1179674,2WTW6NIB,2025-07-24,26,0,29296,0,0,1,0,0,0,0,0,0,"INV 009",0.00,120.00,V,0,"Pago de Comisi&oacute;n Pendiente",EUR,1.00,0,0
1179695,D81L82X9,2025-10-21,26,423688,0,0,0,89,0,0,0,0,0,0,"VENTA DIRECTA",0.00,1536.00,V,0,"Pago de Total de Reservación",EUR,1.00,0,0
1179697,D81L82X9,2025-10-21,26,0,29296,0,0,0,201,0,0,0,0,0,"VENTA DIRECTA",1080.00,0.00,V,0,"Pago de Total de Reservación",EUR,1.00,0,0
1179699,D81L82X9,2025-10-21,26,0,29297,0,0,0,202,0,0,0,0,0,"VENTA DIRECTA",336.00,0.00,V,0,"Pago de Total de Ferries",EUR,1.00,0,0
1179712,6KS57267,2025-05-30,9,0,28093,0,0,11,0,0,0,0,0,0,7259446291,0.00,19.20,V,0,"Pago de Comisi&oacute;n Pendiente",USD,0.89,0,0
1179715,6KS57267,2025-05-30,9,0,28093,0,0,12,0,0,0,0,0,0,7259446292,0.00,19.20,V,0,"Pago de Comisi&oacute;n Pendiente",USD,0.89,0,0
1180508,2WTW6NIB,2025-10-21,32,417999,0,0,0,87,0,0,0,0,0,0,,0.00,1000.00,V,0,"segundo pago ",EUR,1.00,0,0
1180509,2WTW6NIB,2025-10-21,32,417999,0,0,0,88,0,0,0,0,0,0,,0.00,1000.00,V,0,"Tercer pago ",EUR,1.00,0,0
1180510,N7YGAGND,2025-10-22,38,0,31030,0,0,0,198,0,0,0,0,0,,4032.90,0.00,V,0,"Pago de Total de Reservación",EUR,1.00,0,0
1180517,6KS57267,2025-05-30,9,0,28093,0,0,0,121,0,0,0,0,0,"ARC REPORT",2712.00,0.00,V,0,"PAGO ARC ",USD,0.88,0,0
1180518,2WTW6NIB,2025-06-19,42,0,27610,0,0,0,163,0,0,0,0,0,"PAGADO - B. MARCH EUR",290.14,0.00,V,0,"Seguro viaje",EUR,1.00,0,0
1180519,2WTW6NIB,2025-08-25,23,0,27610,0,0,0,86,0,0,0,0,0,"PAGADO - B. MARCH EUR",1098.24,0.00,V,0,"Pago de Seguro de Libre Desitimiento",EUR,1.00,0,0
1180520,2WTW6NIB,2025-08-25,7,0,27610,0,0,0,140,0,0,0,0,0,"PAGADO - B. MARCH EUR",626.70,0.00,V,0,"Pago Seguro ",EUR,0.86,0,0
1181343,D81L82X9,2025-10-23,53,0,32066,0,0,0,206,0,0,0,0,0,,23250.00,0.00,V,0,"Estancia Park Hyatt Niseko",EUR,1.00,0,0
1181344,D81L82X9,2025-10-16,53,440104,0,0,0,91,0,0,0,0,0,0,,0.00,23250.00,V,0,"Hotel Park Hyatt Niseko",EUR,1.00,0,0
1182970,6831B90J,2025-10-27,38,0,31049,0,0,0,205,0,0,0,0,0,,1284.87,0.00,V,0,"Pago de Total de Reservación",EUR,1.00,0,0
1182971,6831B90J,2025-10-27,38,0,31173,0,0,0,204,0,0,0,0,0,,1692.40,0.00,V,0,"Pago de Total de Reservación",EUR,1.00,0,0
1182972,N7YGAGND,2025-10-27,38,0,31173,0,0,0,174,0,0,0,0,0,,2927.65,0.00,V,0,"Pago de Total de Reservación",EUR,1.00,0,0
1182973,V8HL8Y30,2025-10-27,21,0,28092,0,0,0,207,0,0,0,0,0,"PAGADO - WISE USD",110.00,0.00,V,0,"Pago visita Extra Uluwatu ",USD,0.86,0,0
1182974,1N7N7W93,2025-10-27,32,0,30065,0,0,0,197,0,0,0,0,0,"PAGADO - WISE EUR",2925.27,0.00,V,0,"PAGO RESTANTE",EUR,1.00,0,0
1184519,2WTW6NIB,2025-10-27,52,439104,0,0,0,93,0,0,0,0,0,0,,0.00,70538.00,V,0,"Pago 100 terrestre",EUR,1.00,0,0
1184520,2WTW6NIB,2025-10-27,45,436754,0,0,0,94,0,0,0,0,0,0,,0.00,4100.83,V,0,"Segundo pago Belen y Juan",EUR,1.00,0,0
1184522,2WTW6NIB,2025-09-24,45,436754,0,0,0,95,0,0,0,0,0,0,,0.00,4688.80,V,0,"Pago vuelos",EUR,1.00,0,0
1184524,V8HL8Y30,2025-10-29,21,0,29134,0,0,0,210,0,0,0,0,0,"PAGADO - WISE USD",15518.94,0.00,V,0,"Pago final Nihi Sumba ",USD,0.86,0,0
1187127,2WTW6NIB,2025-10-29,56,442044,0,0,0,97,0,0,0,0,0,0,,0.00,24418.00,V,0,"Pago total ",EUR,1.00,0,0
1187128,2WTW6NIB,2025-11-03,27,0,28693,0,0,0,214,0,0,0,0,0,"PAGADO - B. MARCH EUR",730.00,0.00,V,0,"Pago Extras ",EUR,1.00,0,0
1187129,2WTW6NIB,2025-10-21,38,434214,0,0,0,90,0,0,0,0,0,0,,0.00,3528.00,V,0,"Pago de Cuarto Extra Chedi y Cuarto Extra Montreux Palace",EUR,1.00,0,0
1187130,2WTW6NIB,2025-10-10,52,439104,0,0,0,83,0,0,0,0,0,0,,0.00,26266.91,V,0,"Pago billetes aereos",EUR,1.00,0,0
1187132,2WTW6NIB,2025-10-16,53,440104,0,0,0,98,0,0,0,0,0,0,,0.00,20028.00,V,0,"Pago billetes aereos IB+JL",EUR,1.00,0,0
1189122,2WTW6NIB,2025-11-04,8,407585,0,0,0,101,0,0,0,0,0,0,,0.00,2392.00,V,0,"Segundo Pago viaje Raquel & Celia",EUR,1.00,0,0
1189161,A4NYP5ID,2025-11-03,56,0,27604,0,0,0,213,0,0,0,0,0,"PAGADO - INTERCO (CHASE)",13399.00,0.00,V,0,"Segundo pago ",EUR,1.00,0,0
1189164,A4NYP5ID,2025-10-29,52,0,27604,0,0,0,208,0,0,0,0,0,"PAGADO - INTERCO (CHASE)",16790.90,0.00,V,0,"Primer pago depósito",EUR,1.00,0,0
1189166,A4NYP5ID,2025-10-17,52,0,28093,0,0,0,188,0,0,0,0,0,"PAGADO - INTERCO (CHASE)",6662.28,0.00,V,0,"Pago billete UA",EUR,1.00,0,0
1190230,2WTW6NIB,2025-11-06,54,0,27610,0,0,0,195,0,0,0,0,0,,549.12,0.00,V,0,"Pago Total de Seguro",EUR,1.00,0,0
1190231,2WTW6NIB,2025-11-06,52,0,27610,0,0,0,209,0,0,0,0,0,,580.28,0.00,V,0,"Pago Seguros",EUR,1.00,0,0
1190232,2WTW6NIB,2025-11-06,31,0,27610,0,0,0,181,0,0,0,0,0,,125.34,0.00,V,0,"Pago seguro",EUR,1.00,0,0
1190233,2WTW6NIB,2025-11-06,56,0,27610,0,0,0,212,0,0,0,0,0,1113510,315.56,0.00,V,0,"Pago seguro viaje aon",EUR,1.00,0,0
1190859,6KS57267,2025-05-01,6,0,27605,0,0,3,0,0,0,0,0,0,219873,0.00,237.80,V,0,"Pago de Comisi&oacute;n Pendiente",USD,0.86,0,0
1193086,2WTW6NIB,2025-11-05,58,443078,0,0,0,103,0,0,0,0,0,0,,0.00,257.60,V,0,"Pago servicios Dubai",EUR,1.00,0,0
1193087,2WTW6NIB,2025-11-05,58,443078,0,0,0,102,0,0,0,0,0,0,,0.00,276.00,V,0,"Pago por servicio Abu Dhabi",EUR,1.00,0,0
1193088,1N7N7W93,2025-11-11,8,0,27608,0,0,0,25,0,0,0,0,0,"PAGADO - WISE EUR",4424.00,0.00,V,0,"Segundo pago viaje ",EUR,1.00,0,0
1193089,9O5LTM76,2025-11-11,47,0,31172,0,0,0,220,0,0,0,0,0,,25.00,0.00,V,0,"Pago reserva asiento",EUR,1.00,0,0
1193090,V8HL8Y30,2025-11-11,58,0,30800,0,0,0,219,0,0,0,0,0,"PAGADO - WISE USD",430.00,0.00,V,0,"Pago completo",USD,0.87,0,0
1193091,1N7N7W93,2025-11-11,8,0,27608,0,0,0,223,0,0,0,0,0,"PAGADO - WISE EUR",18.00,0.00,V,0,"Pago extras",EUR,1.00,0,0
1193092,D81L82X9,2025-11-11,55,0,32256,0,0,0,217,0,0,0,0,0,,528.00,0.00,V,0,"Hotel Arts Barcelona",EUR,1.00,0,0
1193093,D81L82X9,2025-11-11,53,0,32364,0,0,0,216,0,0,0,0,0,,8561.00,0.00,V,0,"HOTEL GINZA EDITIONS. pago directo cliente ",EUR,1.00,0,0
1193094,D81L82X9,2025-11-08,53,440104,0,0,0,99,0,0,0,0,0,0,,0.00,8561.00,V,0,"Hotel tokyo ginza Edition",EUR,1.00,0,0
1193095,D81L82X9,2025-10-21,55,441126,0,0,0,92,0,0,0,0,0,0,,0.00,528.00,V,0,"Estancia Hotel Arts Barcelona 1 noche",EUR,1.00,0,0
1194984,6KS57267,2025-11-12,59,0,32940,0,0,0,224,0,0,0,0,0,"PAGADO - INTERCO (CHASE)",7500.00,0.00,V,0,"15% de Reservación",USD,0.86,0,0
1195707,2WTW6NIB,2025-10-30,57,442429,0,0,0,100,0,0,0,0,0,0,,0.00,9331.23,V,0,"Pago depósito Paloma y Jorge",EUR,1.00,0,0
1195708,2WTW6NIB,2025-11-12,63,412474,0,0,0,109,0,0,0,0,0,0,,0.00,1164.00,V,0,"Pago Cliente ",EUR,1.00,0,0
1195709,2WTW6NIB,2025-11-12,62,443252,0,0,0,106,0,0,0,0,0,0,,0.00,12109.47,V,0,"Primer pago Mar y Gonzalo",EUR,1.00,0,0
1195710,V8HL8Y30,2025-11-07,57,0,28092,0,0,0,218,0,0,0,0,0,"PAGADO - WISE USD",1005.00,0.00,V,0,"Pago deposito Trails of Indochina",USD,0.87,0,0
1195711,2WTW6NIB,2025-11-12,62,0,27688,0,0,0,228,0,0,0,0,0,,5747.88,0.00,V,0,"Pago billetes EY",EUR,1.00,0,0
1195712,9O5LTM76,2025-11-09,47,0,32798,0,0,0,221,0,0,0,0,0,,2957.33,0.00,V,0,"Pago Ines Ybarra",EUR,1.00,0,0
1195713,9O5LTM76,2025-11-14,42,0,29901,0,0,0,229,0,0,0,0,0,,105.00,0.00,V,0,"Regalo (Libro Assouline)",EUR,1.00,0,0
1195716,6KS57267,2025-10-28,9,0,28091,0,0,4,0,0,0,0,0,0,M3171241,0.00,242.59,V,0,"Pago de Comisi&oacute;n Pendiente",USD,0.86,0,0
1197168,2WTW6NIB,2025-11-17,66,444500,0,0,0,113,0,0,0,0,0,0,,0.00,1459.08,V,0,"Pago billetes aereos + asientos",EUR,1.00,0,0
1198754,6KS57267,2025-11-14,13,0,28351,0,0,1,0,0,0,0,0,0,410335922/31,0.00,621.98,V,0,"Pago de Comisi&oacute;n Pendiente",USD,0.86,0,0
1198755,6KS57267,2025-11-14,33,0,30050,0,0,1,0,0,0,0,0,0,588342330,0.00,539.22,V,0,"Pago de Comisi&oacute;n Pendiente",USD,1.00,0,0
1199832,2WTW6NIB,2025-11-10,8,407585,0,0,0,104,0,0,0,0,0,0,,0.00,2392.00,V,0,"Segundo Pago Nicolas",EUR,1.00,0,0
1199833,2WTW6NIB,2025-11-10,8,407585,0,0,0,104,0,0,0,0,0,0,,47.84,0.00,V,0,"Comisión Link tarjeta:2.00% ",EUR,1.00,0,1
1199951,2WTW6NIB,2025-11-19,61,440104,0,0,0,108,0,0,0,0,0,0,"AMEX CLIENTE",0.00,920.10,V,0,"Pago emisión billete IB | MAD-ROM-MAD",EUR,1.00,0,0
1199952,2WTW6NIB,2025-11-19,61,440104,0,0,0,108,0,0,0,0,0,0,"AMEX CLIENTE",18.40,0.00,V,0,"Comisión Link tarjeta:2.00% ",EUR,1.00,0,1
1202085,2WTW6NIB,2025-11-24,59,443989,0,0,0,112,0,0,0,0,0,0,"VISA cliente",0.00,506.00,V,0,"Vuelos Aswan",EUR,1.00,0,0
1202086,2WTW6NIB,2025-11-24,59,443989,0,0,0,112,0,0,0,0,0,0,"VISA cliente",10.12,0.00,V,0,"Comisión Link tarjeta:2.00% ",EUR,1.00,0,1
1202087,2WTW6NIB,2025-11-24,53,440104,0,0,0,114,0,0,0,0,0,0,"AMEX cliente",0.00,390.55,V,0,"Pago gastos Amex",EUR,1.00,0,0
1202088,2WTW6NIB,2025-11-24,53,440104,0,0,0,114,0,0,0,0,0,0,"AMEX cliente",7.81,0.00,V,0,"Comisión Link tarjeta:2.00% ",EUR,1.00,0,1
1202975,2WTW6NIB,2025-11-25,38,434214,0,0,0,117,0,0,0,0,0,0,"VISA cliente",0.00,779.00,V,0,"Pago Noche Extra Villars Palace",EUR,1.00,0,0
1202976,2WTW6NIB,2025-11-25,38,434214,0,0,0,117,0,0,0,0,0,0,"VISA cliente",15.58,0.00,V,0,"Comisión Link tarjeta:2.00% ",EUR,1.00,0,1
1202977,2WTW6NIB,2025-11-24,69,444910,0,0,0,123,0,0,0,0,0,0,,0.00,6855.00,V,0,"Pago de Total de Reservación",EUR,1.00,0,0
1202978,9O5LTM76,2025-11-18,66,0,33075,0,0,0,236,0,0,0,0,0,,72.00,0.00,V,0,"Pago compra asientos",EUR,1.00,0,0
1202979,V8HL8Y30,2025-11-24,69,0,28092,0,0,0,246,0,0,0,0,0,"PAGADO - WISE USD",6154.00,0.00,V,0,"Pago de Total de Reservación",USD,0.88,0,0
1203178,6KS57267,2025-10-29,56,0,27604,0,0,0,253,0,0,0,0,0,"PAGADO - INTERCO (CHASE)",7444.61,0.00,V,0,"Pago deposito",USD,0.86,0,0
1204322,6KS57267,2025-11-14,16,0,29135,0,0,8,0,0,0,0,0,0,31984731,0.00,100.55,V,0,"Pago de Comisi&oacute;n Pendiente",USD,1.00,0,0
1204464,A4NYP5ID,2025-11-25,56,0,27604,0,0,0,252,0,0,0,0,0,"PAGADO - INTERCO (CHASE)",909.62,0.00,V,0,"Pago extas",EUR,1.00,0,0
1204960,2WTW6NIB,2025-11-26,67,440104,0,0,0,134,0,0,0,0,0,0,,0.00,5908.90,V,0,"Pago total cliente ",EUR,1.00,0,0
1204961,2WTW6NIB,2025-11-26,67,440104,0,0,0,134,0,0,0,0,0,0,,118.18,0.00,V,0,"Comisión Link tarjeta:2.00% ",EUR,1.00,0,1
1204989,2WTW6NIB,2025-11-27,30,425060,0,0,0,125,0,0,0,0,0,0,,0.00,32439.00,V,0,"Erhardt India final 50%",EUR,1.00,0,0
1205766,6KS57267,2025-11-21,1,406243,0,0,0,135,0,0,0,0,0,0,"Intercompany -CHASE USD",0.00,10392.00,V,0,"Pago Final Mauricio Gracia",USD,1.00,0,0
1207881,A4NYP5ID,2025-12-01,62,0,33097,0,0,0,254,0,0,0,0,0,"PAGADO - INTERCO (CHASE)",2561.39,0.00,V,0,"Pago total alojamiento Amanemu",EUR,1.00,0,0
1207909,6KS57267,2025-11-21,59,0,28093,0,0,0,233,0,0,0,0,0,"Intercompany -CHASE USD",20260.86,0.00,V,0,"Pago emisión billetes Egyptair",USD,0.86,0,0
1207920,6KS57267,2025-11-28,59,0,28093,0,0,0,248,0,0,0,0,0,"PAGADO - INTERCO (CHASE)",671.95,0.00,V,0,"Pago Total del Upgrade",USD,0.86,0,0
1208294,2WTW6NIB,2025-12-02,65,444329,0,0,0,137,0,0,0,0,0,0,"AMEX cliente",0.00,1907.50,V,0,"Pago total ",EUR,1.00,0,0
1208295,2WTW6NIB,2025-12-02,65,444329,0,0,0,137,0,0,0,0,0,0,"AMEX cliente",38.15,0.00,V,0,"Comisión Link tarjeta:2.00% ",EUR,1.00,0,1
1208296,2WTW6NIB,2025-12-02,59,443989,0,0,0,131,0,0,0,0,0,0,"AMEX cliente",0.00,12440.74,V,0,"FLORES - Pago Vuelos MAD-CAI-ASW-LUX-CAI-CAI-MAD CORRECTO",EUR,1.00,0,0
1208297,2WTW6NIB,2025-12-02,59,443989,0,0,0,131,0,0,0,0,0,0,"AMEX cliente",248.81,0.00,V,0,"Comisión Link tarjeta:2.00% ",EUR,1.00,0,1
1208298,2WTW6NIB,2025-12-02,37,433410,0,0,0,138,0,0,0,0,0,0,,0.00,900.00,V,0,"Segundo Pago ",EUR,0.86,0,0
1208299,2WTW6NIB,2025-12-02,37,433410,0,0,0,138,0,0,0,0,0,0,,18.00,0.00,V,0,"Comisión Link tarjeta:2.00% ",EUR,0.86,0,1
1209440,6KS57267,2025-12-01,1,0,27207,0,0,0,256,0,0,0,0,0,"PAGADO -  INTERCO (WISE USD)",73561.89,0.00,V,0,"Pago final Southern Crossings ",USD,1.00,0,0
1210897,2WTW6NIB,2025-12-04,56,442044,0,0,0,139,0,0,0,0,0,0,,0.00,1835.00,V,0,"Pago extras",EUR,1.00,0,0
1210898,2WTW6NIB,2025-12-04,73,447669,0,0,0,140,0,0,0,0,0,0,,0.00,6442.96,V,0,"Primer pago Pilar y Jesus",EUR,1.00,0,0
1212316,2WTW6NIB,2025-12-05,73,0,28693,0,0,0,260,0,0,0,0,0,"PAGADO - B.MARCH",4675.00,0.00,V,0,"Pago deposito Aniyami",EUR,1.00,0,0
1212317,2WTW6NIB,2025-12-05,42,0,33597,0,0,0,263,0,0,0,0,0,"PAGADO - B. MARCH EUR",729.00,0.00,V,0,"Guía turístico cdmx",EUR,1.00,0,0
1212318,2WTW6NIB,2025-12-05,72,0,27538,0,0,0,264,0,0,0,0,0,,2200.00,0.00,V,0,"Pago deposito ",EUR,1.00,0,0
1213059,2WTW6NIB,2025-12-10,59,443989,0,0,0,124,0,0,0,0,0,0,,0.00,770.00,V,0,"Pago de Upgrades de Vuelos",EUR,1.00,0,0
1213060,2WTW6NIB,2025-12-10,59,443989,0,0,0,124,0,0,0,0,0,0,,15.40,0.00,V,0,"Comisión Link tarjeta:2.00% ",EUR,1.00,0,1
1213061,2WTW6NIB,2025-12-10,59,443989,0,0,0,136,0,0,0,0,0,0,"AMEX cliente",0.00,7992.00,V,0,"Pago Espinosa por Vuelos ",EUR,1.00,0,0
1213062,2WTW6NIB,2025-12-10,59,443989,0,0,0,136,0,0,0,0,0,0,"AMEX cliente",159.84,0.00,V,0,"Comisión Link tarjeta:2.00% ",EUR,1.00,0,1
1213217,2WTW6NIB,2025-11-19,60,443996,0,0,0,128,0,0,0,0,0,0,"AMEX cliente",0.00,3433.83,V,0,"Pago de Total de Reservación",EUR,1.00,0,0
1213218,2WTW6NIB,2025-11-19,60,443996,0,0,0,128,0,0,0,0,0,0,"AMEX cliente",68.68,0.00,V,0,"Comisión Link tarjeta:2.00% ",EUR,1.00,0,1
1213219,2WTW6NIB,2025-11-26,60,443996,0,0,0,153,0,0,0,0,0,0,"AMEX cliente",0.00,3000.00,V,0,"Pago Erroneo con Tarjeta",EUR,1.00,0,0
1213220,2WTW6NIB,2025-11-26,60,443996,0,0,0,153,0,0,0,0,0,0,"AMEX cliente",60.00,0.00,V,0,"Comisión Link tarjeta:2.00% ",EUR,1.00,0,1
1213284,2WTW6NIB,2025-11-18,60,0,27688,0,0,0,268,0,0,0,0,0,"Contra Saldo 12nov",654.91,0.00,V,0,"Pago Total de Vuelos",EUR,1.00,0,0
1213286,2WTW6NIB,2025-11-18,60,0,27688,0,0,0,269,0,0,0,0,0,"Contra Saldo 12nov",619.57,0.00,V,0,"Pago Total por Vuelo",EUR,1.00,0,0
1213287,2WTW6NIB,2025-11-12,60,0,27688,0,0,0,270,0,0,0,0,0,"Contra Saldo 12nov",3364.52,0.00,V,0,"Pago Total por Vuelo",EUR,1.00,0,0
1213791,1E5592P0,2025-12-10,52,0,27604,0,0,0,267,0,0,0,0,0,"PAGADO - INTERCO (CHASE)",7108193.00,0.00,V,0,"PAGO FINAL",JPY,0.01,0,0
1213806,2WTW6NIB,2025-12-09,66,0,28657,0,0,0,265,0,0,0,0,0,"PAGADO - B.MARCH EUR",20360.00,0.00,V,0,"DMC Osorio Viaje Sicilia",EUR,1.00,0,0
1213899,2WTW6NIB,2025-11-28,71,419606,0,0,0,155,0,0,0,0,0,0,"AMEX cliente",0.00,3978.00,V,0,"Pago emisión billete AF y reemisión billete AM ",EUR,1.00,0,0
1213900,2WTW6NIB,2025-11-28,71,419606,0,0,0,155,0,0,0,0,0,0,"AMEX cliente",79.56,0.00,V,0,"Comisión Link tarjeta:2.00% ",EUR,1.00,0,1
1215249,58F4C17Z,2025-12-09,37,433410,0,0,0,149,0,0,0,0,0,0,,0.00,20427.00,V,0,"Ultimo Pago Patricia Clark ",USD,1.00,0,0
1216295,2WTW6NIB,2025-12-09,66,444500,0,0,0,146,0,0,0,0,0,0,,0.00,18000.00,V,0,"Pago 1",EUR,1.00,0,0
1216299,2WTW6NIB,2025-12-09,66,444500,0,0,0,147,0,0,0,0,0,0,,0.00,2360.00,V,0,"Pago 2",EUR,1.00,0,0
1216309,2WTW6NIB,2025-12-04,32,417999,0,0,0,142,0,0,0,0,0,0,"VISA cliente",0.00,246.50,V,0,"Cuarto pago Javi ",EUR,1.00,0,0
1216310,2WTW6NIB,2025-12-04,32,417999,0,0,0,142,0,0,0,0,0,0,"VISA cliente",4.93,0.00,V,0,"Comisión Link tarjeta:2.00% ",EUR,1.00,0,1
1216312,2WTW6NIB,2025-12-15,70,446797,0,0,0,156,0,0,0,0,0,0,,0.00,9219.98,V,0,"Primer pago servicios terrestres Santi y Cris",EUR,1.00,0,0
1216320,2WTW6NIB,2025-12-10,59,443989,0,0,0,152,0,0,0,0,0,0,"VISA cliente",0.00,7761.00,V,0,"Pago Total Deposito Fam Henkel",EUR,1.00,0,0
1216321,2WTW6NIB,2025-12-10,59,443989,0,0,0,152,0,0,0,0,0,0,"VISA cliente",155.22,0.00,V,0,"Comisión Link tarjeta:2.00% ",EUR,1.00,0,1
1216328,2WTW6NIB,2025-12-10,76,448349,0,0,0,154,0,0,0,0,0,0,,0.00,1056.00,V,0,"Pago emisión billetes",EUR,1.00,0,0
1216397,2WTW6NIB,2025-11-24,54,440107,0,0,0,126,0,0,0,0,0,0,"AMEX cliente",0.00,18601.12,V,0,"Pago de Seguro y Primera Parte Hotel",EUR,1.00,0,0
1216398,2WTW6NIB,2025-11-24,54,440107,0,0,0,126,0,0,0,0,0,0,"AMEX cliente",372.02,0.00,V,0,"Comisión Link tarjeta:2.00% ",EUR,1.00,0,1
1216400,2WTW6NIB,2025-11-24,54,440107,0,0,0,127,0,0,0,0,0,0,"AMEX cliente",0.00,857.67,V,0,"Segunda Parte Reserva Hotel Monto Faltante",EUR,1.00,0,0
1216401,2WTW6NIB,2025-11-24,54,440107,0,0,0,127,0,0,0,0,0,0,"AMEX cliente",17.15,0.00,V,0,"Comisión Link tarjeta:2.00% ",EUR,1.00,0,1
1216406,2WTW6NIB,2025-11-24,59,443989,0,0,0,129,0,0,0,0,0,0,"VISA cliente",0.00,7920.30,V,0,"Pago Total CORRECTO Lumière 15% de la Reserva",EUR,1.00,0,0
1216407,2WTW6NIB,2025-11-24,59,443989,0,0,0,129,0,0,0,0,0,0,"VISA cliente",158.41,0.00,V,0,"Comisión Link tarjeta:2.00% ",EUR,1.00,0,1
1216409,58F4C17Z,2025-11-13,59,443989,0,0,0,130,0,0,0,0,0,0,"VISA cliente",0.00,9561.08,V,0,"Pago por Vuelos MAD-CAI-LUX-CAI-CAI-MAD CORRECTO",USD,0.75,0,0
1216410,58F4C17Z,2025-11-13,59,443989,0,0,0,130,0,0,0,0,0,0,"VISA cliente",191.22,0.00,V,0,"Comisión Link tarjeta:2.00% ",USD,0.75,0,1
1216616,2WTW6NIB,2025-12-16,60,0,33382,0,0,0,271,0,0,0,0,0,"PAGADO - B.MARCH EUR",1666.15,0.00,V,0,"Rembuelso por Error de Cobro",EUR,1.00,0,0
1216770,6KS57267,2025-12-05,70,0,28093,0,0,0,273,0,0,0,0,0,"ARC - CONTADO",350.80,0.00,V,0,"Emisión billetes IB",USD,0.86,0,0
1216772,6KS57267,2025-12-05,70,0,28093,0,0,0,274,0,0,0,0,0,"ARC - CONTADO",2118.80,0.00,V,0,"Emisión billetes ET",USD,0.87,0,0
1216773,6KS57267,2025-12-05,70,0,28093,0,0,0,275,0,0,0,0,0,"ARC - CONTADO",1374.20,0.00,V,0,"Emisión billetes 4Z",USD,0.87,0,0
1216776,6KS57267,2025-12-05,70,0,28093,0,0,0,276,0,0,0,0,0,"ARC - CONTADO",1692.40,0.00,V,0,"Emisión billetes LX",USD,0.87,0,0
1216783,6KS57267,2025-12-12,73,0,28093,0,0,0,277,0,0,0,0,0,"ARC - CONTADO",384.18,0.00,V,0,"Pago emisión billetes LA",USD,0.86,0,0
1216784,6KS57267,2025-12-12,73,0,28093,0,0,0,278,0,0,0,0,0,"ARC - CONTADO",844.20,0.00,V,0,"Pago emisión billetes G3",USD,0.86,0,0
1216786,6KS57267,2025-12-19,73,0,28093,0,0,0,279,0,0,0,0,0,"ARC - CONTADO",52.00,0.00,V,0,"Pago compra equipaje LATAM",USD,0.88,0,0
1216787,6KS57267,2025-12-19,73,0,28093,0,0,0,280,0,0,0,0,0,"ARC - CONTADO",50.00,0.00,V,0,"Pago compra equipaje GOL",USD,0.88,0,0
1216788,6KS57267,2025-12-19,73,0,28093,0,0,0,281,0,0,0,0,0,"ARC - CONTADO",50.00,0.00,V,0,"Pago compra equipaje GOL",USD,0.88,0,0
1216795,6KS57267,2025-11-07,57,0,28093,0,0,0,282,0,0,0,0,0,"ARC - CONTADO",1866.60,0.00,V,0,"Pago billetes QR",USD,0.86,0,0
1216796,6KS57267,2025-11-07,57,0,28093,0,0,0,283,0,0,0,0,0,"ARC - CONTADO",584.60,0.00,V,0,"Pago billetes GA",USD,0.86,0,0
1217121,2WTW6NIB,2025-12-17,27,0,27610,0,0,0,215,0,0,0,0,0,,396.26,0.00,V,0,"Seguro Viaje",EUR,1.00,0,0
1217122,58F4C17Z,2025-12-17,30,0,29710,0,0,0,289,0,0,0,0,0,"PAGADO - B.MARCH USD",43074.40,0.00,V,0,"pago final viaje India",USD,0.85,0,0
1217123,58F4C17Z,2025-12-17,37,0,29710,0,0,0,290,0,0,0,0,0,"PAGADO - B.MARCH USD",25108.00,0.00,V,0,"Segundo Pago Amber Tours ",USD,1.00,0,0
1218006,2WTW6NIB,2025-12-18,59,443989,0,0,0,151,0,0,0,0,0,0,"AMEX cliente",0.00,7761.00,V,0,"Pago Deposito Fam Flores",EUR,1.00,0,0
1218007,2WTW6NIB,2025-12-18,59,443989,0,0,0,151,0,0,0,0,0,0,"AMEX cliente",155.22,0.00,V,0,"Comisión Link tarjeta:2.00% ",EUR,1.00,0,1
1218008,2WTW6NIB,2025-11-28,59,0,27688,0,0,0,294,0,0,0,0,0,,962.48,0.00,V,0,"Pago Fernando y Emilio Turista MAD-CAI",EUR,1.00,0,0
1218009,2WTW6NIB,2025-11-28,59,0,27688,0,0,0,295,0,0,0,0,0,"BMARCH EUR",1958.38,0.00,V,0,"Pago Fer y Pablo - Business MAD-CAI",EUR,1.00,0,0
1218010,2WTW6NIB,2025-11-28,59,0,27688,0,0,0,296,0,0,0,0,0,"BMARCH - EUR",615.28,0.00,V,0,"Pago Total Vuelos LUX-CAI",EUR,1.00,0,0
1218011,2WTW6NIB,2025-11-28,59,0,27688,0,0,0,297,0,0,0,0,0,"BMARCH - EUR",3391.36,0.00,V,0,"Pago Total Vuelos CAI-MAD",EUR,1.00,0,0
1218012,2WTW6NIB,2025-11-28,71,0,27688,0,0,0,299,0,0,0,0,0,"BMARCH - EUR",3717.21,0.00,V,0,"Pago emisión billete AF",EUR,1.00,0,0
1218015,2WTW6NIB,2025-11-14,59,0,27688,0,0,0,300,0,0,0,0,0,"Contra Saldo 14nov",311.88,0.00,V,0,"Pago Vuelo Eduardo Henkel",EUR,1.00,0,0
1218018,2WTW6NIB,2025-12-05,72,447357,0,0,0,144,0,0,0,0,0,0,"TPV Gannet",0.00,1100.00,V,0,"Pago Josefa",EUR,1.00,0,0
1218019,V8HL8Y30,2025-12-18,70,0,31572,0,0,0,286,0,0,0,0,0,"PAGADO - WISE USD",2725.00,0.00,V,0,"Pago deposito Sussurro",USD,0.85,0,0
1218020,V8HL8Y30,2025-12-18,70,0,30065,0,0,0,287,0,0,0,0,0,"PAGADO - WISE USD",1596.00,0.00,V,0,"Pago deposito Great Plains",USD,0.85,0,0
1218021,2WTW6NIB,2025-11-27,70,446797,0,0,0,157,0,0,0,0,0,0,,0.00,2663.15,V,0,"Pago de vuelos Santi",EUR,1.00,0,0
1218022,2WTW6NIB,2025-12-01,70,446797,0,0,0,158,0,0,0,0,0,0,,0.00,2663.15,V,0,"Pago vuelos Cris",EUR,1.00,0,0
1218023,D81L82X9,2025-12-05,75,439104,0,0,0,148,0,0,0,0,0,0,,0.00,1773.00,V,0,"Pago adelanto 50%",EUR,1.00,0,0
1218024,D81L82X9,2025-12-09,75,0,31081,0,0,0,266,0,0,0,0,0,,1773.00,0.00,V,0,"Adelanto 50% directo cliente-hotel",EUR,1.00,0,0
1218025,2WTW6NIB,2025-12-15,41,0,31584,0,0,0,285,0,0,0,0,0,"PAGADO - B. MARCH EUR",15774.00,0.00,V,0,"Pago final Abercrombie&Kent Egypt",EUR,1.00,0,0
1218026,2WTW6NIB,2025-12-10,76,0,27688,0,0,0,284,0,0,0,0,0,,867.18,0.00,V,0,"Pago emisión billetes IB",EUR,1.00,0,0
1218027,2WTW6NIB,2025-11-14,66,0,27688,0,0,0,234,0,0,0,0,0,"Contra Saldo 14nov",1387.08,0.00,V,0,"Pago emisión billetes AZ con saldo agencia",EUR,1.00,0,0
1218028,2WTW6NIB,2025-11-13,64,0,27688,0,0,0,230,0,0,0,0,0,"Contra Saldo 13nov",1218.85,0.00,V,0,"Pago billete con saldo de agencia",EUR,1.00,0,0
1218029,2WTW6NIB,2025-11-12,62,0,27688,0,0,0,226,0,0,0,0,0,"Contra Saldo 12nov",548.50,0.00,V,0,"Pago emisión vuelos SQ con saldo a favor",EUR,1.00,0,0
1218030,2WTW6NIB,2025-11-12,61,0,27688,0,0,0,225,0,0,0,0,0,,867.19,0.00,V,0,"Pago emision billete IB - Pax Muniz",EUR,1.00,0,0
1218031,2WTW6NIB,2025-11-12,63,0,27688,0,0,0,227,0,0,0,0,0,"Contra Saldo 12nov",1159.07,0.00,V,0,"Pago billete Qatar - con saldo a favor agencia",EUR,1.00,0,0
1218032,2WTW6NIB,2025-11-13,65,0,27688,0,0,0,232,0,0,0,0,0,"Contra Saldo 13nov",1814.49,0.00,V,0,"Pago emisión billete con saldo de agencia",EUR,1.00,0,0
1218033,2WTW6NIB,2025-11-18,67,0,27688,0,0,0,242,0,0,0,0,0,,5728.00,0.00,V,0,"Pago billetes IB - Miami",EUR,1.00,0,0
1218631,6KS57267,2025-12-19,70,0,29091,0,0,0,301,0,0,0,0,0,"PAGADO - INTERCO (CHASE)",1002.00,0.00,V,0,"Pago deposito Triumph",USD,0.85,0,0
1218638,58F4C17Z,2025-12-19,34,0,28092,0,0,0,293,0,0,0,0,0,,15458.00,0.00,V,0,"Pago final DMC",USD,0.85,0,0
1220709,6KS57267,2025-12-26,52,0,28093,0,0,0,292,0,0,0,0,0,"ARC - CONTADO",674.82,0.00,V,0,"Pago emisión billete UA",USD,0.85,0,0
1221672,2WTW6NIB,2025-12-24,34,431025,0,0,0,160,0,0,0,0,0,0,"AMEX cliente",0.00,12184.00,V,0,"Segundo pago ( 50% terrestre)",EUR,1.00,0,0
1221673,2WTW6NIB,2025-12-24,52,439104,0,0,0,159,0,0,0,0,0,0,"AMEX cliente",0.00,2787.66,V,0,"Pago extras hotel, instructor esquí y vuelo ",EUR,1.00,0,0
1221674,2WTW6NIB,2025-12-24,52,439104,0,0,0,159,0,0,0,0,0,0,"AMEX cliente",55.75,0.00,V,0,"Comisión Link tarjeta:2.00% ",EUR,1.00,0,1
1221675,2WTW6NIB,2025-12-05,72,447357,0,0,0,161,0,0,0,0,0,0,"TPV Gannet",0.00,1100.00,V,0,"Pago Trini",EUR,1.00,0,0
1221676,D81L82X9,2025-12-22,61,0,31466,0,0,0,307,0,0,0,0,0,,2900.00,0.00,V,0,"Pago reserva Hotel de Russie",EUR,1.00,0,0
1221677,D81L82X9,2025-12-22,61,440104,0,0,0,162,0,0,0,0,0,0,,0.00,2900.00,V,0,"Pago Hotel De Russie Roma",EUR,1.00,0,0
1221678,1N7N7W93,2025-12-24,48,0,31584,0,0,0,308,0,0,0,0,0,"PAGADO  - WISE EUR",9010.00,0.00,V,0,"Pago final Abercrombie&Kent Egypt",EUR,1.00,0,0
1223003,2WTW6NIB,2025-10-03,1,406243,0,0,0,164,0,0,0,0,0,0,"COBRADO - B. MARCH EUR",0.00,30000.00,V,0,"Tercer Pago Mauricio",EUR,0.85,0,0
1223087,6KS57267,2025-11-14,7,0,27602,0,0,3,0,0,0,0,0,0,60778025/476259,0.00,437.51,V,0,"Pago de Comisi&oacute;n Pendiente",USD,1.00,0,0
1223432,2WTW6NIB,2025-12-29,79,0,27688,0,0,0,315,0,0,0,0,0,,1642.00,0.00,V,0,"Pago billetes IB -- MAD CMN//RAK-MAD",EUR,1.00,0,0
1223433,2WTW6NIB,2025-12-29,79,0,27688,0,0,0,314,0,0,0,0,0,,1702.00,0.00,V,0,"Pago billetes IB -- MAD CMN//RAK-MAD",EUR,1.00,0,0
1223434,2WTW6NIB,2025-12-22,8,0,33993,0,0,0,309,0,0,0,0,0,,78.00,0.00,V,0,"Pago devolución ",EUR,1.00,0,0
1224113,2WTW6NIB,2025-12-29,79,434214,0,0,0,163,0,0,0,0,0,0,"VISA cliente",0.00,3604.00,V,0,"Pago billetes IB -- MAD CMN//RAK-MAD",EUR,1.00,0,0
1224114,2WTW6NIB,2025-12-29,79,434214,0,0,0,163,0,0,0,0,0,0,"VISA cliente",72.08,0.00,V,0,"Comisión Link tarjeta:2.00% ",EUR,1.00,0,1
1225471,V8HL8Y30,2025-12-30,79,0,32499,0,0,0,324,0,0,0,0,0,"PAGADO - WISE USD",3463.00,0.00,V,0,"Pago de Total de Reservación",USD,0.85,0,0
1225472,9O5LTM76,2025-12-29,41,0,31584,0,0,0,313,0,0,0,0,0,,1320.00,0.00,V,0,"Pago actividad extra A&K Egypt",EUR,1.00,0,0
1225894,6KS57267,2025-08-15,20,0,28845,0,0,3,0,0,0,0,0,0,388960054,0.00,108.16,V,0,"Pago de Comisi&oacute;n Pendiente",USD,1.23,0,0
1225897,6KS57267,2025-08-15,20,0,28845,0,0,2,0,0,0,0,0,0,388960300,0.00,215.10,V,0,"Pago de Comisi&oacute;n Pendiente",USD,1.23,0,0
1225934,6KS57267,2025-08-15,20,0,28845,0,0,1,0,0,0,0,0,0,388960292,0.00,538.84,V,0,"Pago de Comisi&oacute;n Pendiente",USD,1.23,0,0
1228137,2WTW6NIB,2026-01-08,81,451453,0,0,0,168,0,0,0,0,0,0,,0.00,7000.00,V,0,"Pago aereos y seguro",EUR,1.00,0,0
1228202,9O5LTM76,2026-01-08,78,0,31172,0,0,0,319,0,0,0,0,0,"Recibido en Tarjeta Gannet como 10 p",872.00,0.00,V,0,"Compra asientos MAD-TYO-MAD | Campos Rey x5",EUR,1.00,0,0
1228272,9O5LTM76,2026-01-01,34,0,29060,0,0,0,326,0,0,0,0,0,"PAGADO - TARJETA GANNET",92.47,0.00,V,0,"Visas Laos",EUR,1.00,0,0
1228787,2WTW6NIB,2026-01-09,85,0,27688,0,0,0,341,0,0,0,0,0,,653.42,0.00,V,0,"Pago emisión billete EY",EUR,1.00,0,0
1228790,2WTW6NIB,2026-01-02,80,440104,0,0,0,167,0,0,0,0,0,0,"AMEX cliente",0.00,5705.00,V,0,"Pago billete IB - 26JAN - MAD JFK MAD",EUR,1.00,0,0
1228791,2WTW6NIB,2026-01-02,80,440104,0,0,0,167,0,0,0,0,0,0,"AMEX cliente",114.10,0.00,V,0,"Comisión Link tarjeta:2.00% ",EUR,1.00,0,1
1228792,2WTW6NIB,2026-01-09,80,0,27688,0,0,0,333,0,0,0,0,0,,5176.10,0.00,V,0,"Pago emisión billete 26ENE",EUR,1.00,0,0
1228793,2WTW6NIB,2026-01-09,82,0,27688,0,0,0,335,0,0,0,0,0,,494.56,0.00,V,0,"Pago billete AZ | ZRH-BRI-ZRH",EUR,1.00,0,0
1228794,D81L82X9,2026-01-08,76,448349,0,0,0,171,0,0,0,0,0,0,,0.00,6345.40,V,0,"Pago Directo Le Grand Hôtel Cayré ",EUR,1.00,0,0
1228795,D81L82X9,2026-01-09,76,0,34219,0,0,0,344,0,0,0,0,0,,6345.40,0.00,V,0,"Pago Directo Le Grand Hôtel Cayré ",EUR,1.00,0,0
1228797,2WTW6NIB,2025-12-29,78,0,27688,0,0,0,320,0,0,0,0,0,,15155.00,0.00,V,0,"Pago billetes IB - 5 pax - MAD TYO MAD",EUR,1.00,0,0
1228798,2WTW6NIB,2025-12-29,78,0,27688,0,0,0,321,0,0,0,0,0,,3451.64,0.00,V,0,"Pago billete IB - 1 pax - MAD TYO MAD",EUR,1.00,0,0
1228799,6KS57267,2025-12-23,61,0,31466,0,0,1,0,0,0,0,0,0,M3191520,0.00,296.56,V,0,"Pago de Comisi&oacute;n Pendiente",USD,0.91,0,0
1228864,2WTW6NIB,2026-01-09,83,0,27688,0,0,0,336,0,0,0,0,0,,2234.64,0.00,V,0,"Pago billete AM - MAD MEX MAD",EUR,1.00,0,0
1228872,2WTW6NIB,2026-01-09,86,0,27688,0,0,0,345,0,0,0,0,0,,872.96,0.00,V,0,"Pago emisión billetes AF",EUR,1.00,0,0
1229942,2WTW6NIB,2025-12-12,1,0,27610,0,0,0,316,0,0,0,0,0,,739.80,0.00,V,0,"Pago seguro aon ",EUR,0.85,0,0
1229943,2WTW6NIB,2025-12-19,45,0,27610,0,0,0,302,0,0,0,0,0,,250.68,0.00,V,0,"Seguro de Viajes",EUR,1.00,0,0
1229944,2WTW6NIB,2025-12-19,44,0,27610,0,0,0,304,0,0,0,0,0,,290.14,0.00,V,0,"Pago Seguro de Viaje",EUR,1.00,0,0
1229948,A4NYP5ID,2025-12-30,79,434214,0,0,0,169,0,0,0,0,0,0,"Intercompany -WISE EUR",0.00,23607.00,V,0,"Pago de Total de Reservación",EUR,1.00,0,0
1229982,2WTW6NIB,2025-06-19,9,0,27610,0,0,0,347,0,0,0,0,0,,290.14,0.00,V,0,"Seguro viaje",EUR,1.00,0,0
1230656,2WTW6NIB,2026-01-13,89,452938,0,0,0,174,0,0,0,0,0,0,,0.00,1116.00,V,0,"Primer Pago Vuelos - Alvaro y Larissa",EUR,1.00,0,0
1230657,2WTW6NIB,2026-01-09,86,452201,0,0,0,173,0,0,0,0,0,0,"Challenge Visa",0.00,944.00,V,0,"Pago vuelos",EUR,1.00,0,0
1230658,2WTW6NIB,2026-01-09,86,452201,0,0,0,173,0,0,0,0,0,0,"Challenge Visa",18.88,0.00,V,0,"Comisión Link tarjeta:2.00% ",EUR,1.00,0,1
1230659,1E5592P0,2026-01-13,53,440104,0,0,0,175,0,0,0,0,0,0,"Pago Directo Hotel / Proveedor",0.00,323570.00,V,0,"Hotel Janu Tokyo",JPY,0.01,0,0
1230660,D81L82X9,2026-01-13,53,0,34276,0,0,0,348,0,0,0,0,0,,1752.78,0.00,V,0,"Hotel Janu Tokyo",EUR,1.00,0,0
1231953,1E5592P0,2026-01-14,81,0,34293,0,0,0,360,0,0,0,0,0,"PAGADO - INTERCO (CHASE)",193600.00,0.00,V,0,"Pago deposito 13/01",JPY,0.01,0,0
1232313,2WTW6NIB,2026-01-15,59,443989,0,0,0,170,0,0,0,0,0,0,"AMEX cliente",0.00,7761.00,V,0,"Pago de Total de Reservación - Fam Espinosa",EUR,1.00,0,0
1232314,2WTW6NIB,2026-01-15,59,443989,0,0,0,170,0,0,0,0,0,0,"AMEX cliente",155.22,0.00,V,0,"Comisión Link tarjeta:2.00% ",EUR,1.00,0,1
1232315,2WTW6NIB,2026-01-13,91,0,27688,0,0,0,353,0,0,0,0,0,,2967.08,0.00,V,0,"Pago emisión billete KL",EUR,1.00,0,0
1232316,2WTW6NIB,2026-01-12,87,0,27688,0,0,0,351,0,0,0,0,0,,215.00,0.00,V,0,"Pago reemision 14JAN",EUR,1.00,0,0
1232317,2WTW6NIB,2026-01-12,88,452456,0,0,0,180,0,0,0,0,0,0,,0.00,3842.20,V,0,"Pago billetes Turkish Airlines",EUR,1.00,0,0
1232356,2WTW6NIB,2025-12-29,78,0,27688,0,0,0,322,0,0,0,0,0,,5715.00,0.00,V,0,"Pago billete NH - 1 pax - LHR TYO LHR",EUR,1.00,0,0
1233136,2WTW6NIB,2026-01-09,87,440104,0,0,0,176,0,0,0,0,0,0,"AMEX cliente",0.00,7131.85,V,0,"Pago emisión billete 11ENE",EUR,1.00,0,0
1233137,2WTW6NIB,2026-01-09,87,440104,0,0,0,176,0,0,0,0,0,0,"AMEX cliente",142.64,0.00,V,0,"Comisión Link tarjeta:2.00% ",EUR,1.00,0,1
1234459,2WTW6NIB,2026-01-19,42,0,27350,0,0,0,262,0,0,0,0,0,ABANCA,176.00,0.00,V,0,"Traslado Aeropuerto - Domicilio",EUR,1.00,0,0
1234460,9O5LTM76,2025-12-30,34,0,29060,0,0,0,327,0,0,0,0,0,,53.61,0.00,V,0,"Visas online Camboya",EUR,1.00,0,0
1234464,2WTW6NIB,2025-12-31,87,0,27688,0,0,0,349,0,0,0,0,0,,6927.00,0.00,V,0,"Pago emisión billete IB - 11JAN / 16JAN",EUR,1.00,0,0
1234465,2WTW6NIB,2025-09-27,41,0,31584,0,0,0,312,0,0,0,0,0,"Pte. recibir reembolso",15273.00,0.00,V,0,"Primer pago Abercrombie&Kent Egypt",EUR,1.00,0,0
1234466,D81L82X9,2026-01-14,91,0,27688,0,0,0,356,0,0,0,0,0,"Contra Saldo 14enero",242.52,0.00,V,0,"Pago billete AZ - MAD FCO",EUR,1.00,0,0
1234467,D81L82X9,2026-01-14,92,0,27688,0,0,0,358,0,0,0,0,0,"Contra Saldo 14enero",835.53,0.00,V,0,"Pago billete Air France",EUR,1.00,0,0
1234468,D81L82X9,2026-01-13,87,0,27688,0,0,0,357,0,0,0,0,0,"Contra Saldo 13enero",215.00,0.00,V,0,"Pago reemisión IB - 01SEP",EUR,1.00,0,0
1234469,D81L82X9,2026-01-12,87,0,27688,0,0,0,350,0,0,0,0,0,"Contra Saldo 12enero",15.00,0.00,V,0,"Pago reemisión regreso 15ENE",EUR,1.00,0,0
1234470,D81L82X9,2026-01-02,80,0,27688,0,0,0,334,0,0,0,0,0,"Contra Saldo 2enero",416.02,0.00,V,0,"Pago reemision billete 26ENE",EUR,1.00,0,0
1234471,D81L82X9,2025-12-30,41,0,27688,0,0,0,331,0,0,0,0,0,"Contra Saldo 30dic",378.33,0.00,V,0,"Pago emisión Egyptair | CAI-MAD 31DIC",EUR,1.00,0,0
1234472,D81L82X9,2026-01-07,83,0,27688,0,0,0,343,0,0,0,0,0,"Contra Saldo 7enero",166.79,0.00,V,0,"Pago reemision billete AM",EUR,1.00,0,0
1234473,2WTW6NIB,2026-01-05,81,0,27688,0,0,0,337,0,0,0,0,0,,2358.00,0.00,V,0,"Pago emision billetes TK",EUR,1.00,0,0
1234474,2WTW6NIB,2026-01-05,81,0,27688,0,0,0,338,0,0,0,0,0,,580.00,0.00,V,0,"Pago emisión billetes PR",EUR,1.00,0,0
1234475,V8HL8Y30,2026-01-14,81,0,34316,0,0,0,361,0,0,0,0,0,"PAGADO - WISE USD",1735.00,0.00,V,0,"Pago deposito",USD,0.86,0,0
1234476,2WTW6NIB,2026-01-09,89,0,27688,0,0,0,362,0,0,0,0,0,,1098.56,0.00,V,0,"Emisión billetes QR",EUR,1.00,0,0
1234477,2WTW6NIB,2026-01-09,88,0,27688,0,0,0,363,0,0,0,0,0,,3563.28,0.00,V,0,"Pago emisión billetes TK",EUR,1.00,0,0
1234479,D81L82X9,2026-01-19,87,440104,0,0,0,183,0,0,0,0,0,0,,0.00,2858.30,V,0,"3 noches Hotel Peninsula NY",EUR,1.00,0,0
1234480,D81L82X9,2026-01-19,87,0,33613,0,0,0,368,0,0,0,0,0,,2858.30,0.00,V,0,"3 noches Hotel Peninsula NY",EUR,1.00,0,0
1234551,2WTW6NIB,2026-01-18,93,454422,0,0,0,185,0,0,0,0,0,0,,0.00,4000.00,V,0,"Segundo pago Rafa y Elena",EUR,1.00,0,0
1234552,2WTW6NIB,2026-01-18,93,454422,0,0,0,184,0,0,0,0,0,0,,0.00,6000.00,V,0,"Primer pago Rafa y Elena",EUR,1.00,0,0
1234573,9O5LTM76,2026-01-07,34,0,29060,0,0,0,340,0,0,0,0,0,,93.00,0.00,V,0,"Doble pago por error Visas Laos",EUR,1.00,0,0
1234584,D81L82X9,2026-01-12,34,0,29901,0,0,0,346,0,0,0,0,0,"Kit de Regalo Gannet",128.00,0.00,V,0,"Pago regalos ",EUR,1.00,0,0
1234601,2WTW6NIB,2025-12-24,78,450306,0,0,0,181,0,0,0,0,0,0,,0.00,54629.00,V,0,"Primer pago ",EUR,1.00,0,0
1234651,2WTW6NIB,2026-01-07,73,447669,0,0,0,186,0,0,0,0,0,0,,0.00,2859.06,V,0,"Segundo pago Pilar y Jesus",EUR,1.00,0,0
1234761,6KS57267,2025-04-11,1,0,28093,0,0,0,372,0,0,0,0,0,"ARC - CONTADO",3234.00,0.00,V,0,"Pago billetes HR - ARC CONTADO - Fecha: 04APR25",USD,1.00,0,0
1234762,6KS57267,2025-04-11,1,0,28093,0,0,0,373,0,0,0,0,0,"ARC - CONTADO",6924.60,0.00,V,0,"Pago billetes JQ - ARC CONTADO - Fecha: 04APR25",USD,1.00,0,0
1235675,2WTW6NIB,2026-01-19,93,0,27688,0,0,0,378,0,0,0,0,0,,1483.72,0.00,V,0,"Pago billetes TK",EUR,1.00,0,0
1235676,2WTW6NIB,2026-01-19,93,0,27688,0,0,0,376,0,0,0,0,0,,1614.62,0.00,V,0,"Pago billetes ET",EUR,1.00,0,0
1235677,2WTW6NIB,2026-01-19,93,0,27688,0,0,0,377,0,0,0,0,0,,1806.42,0.00,V,0,"Pago billetes 4Z",EUR,1.00,0,0
1235678,N7YGAGND,2026-01-07,79,0,29901,0,0,0,380,0,0,0,0,0,,8.58,0.00,V,0,"Segundo Pago Regalo Tamara",EUR,1.00,0,0
1235679,N7YGAGND,2025-12-30,79,0,29901,0,0,0,379,0,0,0,0,0,,299.12,0.00,V,0,"Primer Pago Regalo Tamara",EUR,1.00,0,0
1235680,2WTW6NIB,2025-11-28,59,0,27688,0,0,0,298,0,0,0,0,0,,198.68,0.00,V,0,"Pago Total Vuelo CAI-ASW",EUR,1.00,0,0
1235681,9O5LTM76,2026-01-12,41,0,31584,0,0,0,384,0,0,0,0,0,,152.94,0.00,V,0,"Pago extra viaje - en destino - 2",EUR,1.00,0,0
1235682,9O5LTM76,2026-01-03,41,0,31584,0,0,0,383,0,0,0,0,0,,288.00,0.00,V,0,"Pago extra viaje - en destino ",EUR,1.00,0,0
1236592,2WTW6NIB,2026-01-13,91,416251,0,0,0,177,0,0,0,0,0,0,"AMEX cliente",0.00,2967.08,V,0,"Pago emisión billete KLM",EUR,1.00,0,0
1236593,2WTW6NIB,2026-01-13,91,416251,0,0,0,177,0,0,0,0,0,0,"AMEX cliente",59.34,0.00,V,0,"Comisión Link tarjeta:2.00% ",EUR,1.00,0,1
1236594,2WTW6NIB,2026-01-21,78,0,27610,0,0,0,381,0,0,0,0,0,,1028.79,0.00,V,0,"Seguro Asistencia y cancelacion",EUR,1.00,0,0
1236595,2WTW6NIB,2026-01-21,32,0,27610,0,0,0,261,0,0,0,0,0,,72.24,0.00,V,0,"Seguro asistencia",EUR,1.00,0,0
1236596,2WTW6NIB,2026-01-21,37,0,27610,0,0,0,291,0,0,0,0,0,,376.02,0.00,V,0,"Pago Seguro ",EUR,0.85,0,0
1236597,2WTW6NIB,2026-01-21,73,0,27610,0,0,0,305,0,0,0,0,0,,250.68,0.00,V,0,"Pago Seguro de Viaje",EUR,1.00,0,0
1236598,2WTW6NIB,2026-01-21,70,0,27610,0,0,0,306,0,0,0,0,0,,290.14,0.00,V,0,"Pago Seguro de Viaje",EUR,1.00,0,0
1236599,2WTW6NIB,2025-11-21,41,0,27610,0,0,0,310,0,0,0,0,0,,496.20,0.00,V,0,"Pago seguro ",EUR,1.00,0,0
1236648,4JC62HM8,2026-01-14,8,0,27608,0,0,0,371,0,0,0,0,0,"Abanca EUR",-125.00,0.00,V,0,"Pago extras",EUR,1.00,0,0
1237094,1E5592P0,2026-01-21,78,0,27604,0,0,0,382,0,0,0,0,0,"PAGADO - INTERCO (CHASE)",3257460.00,0.00,V,0,"Primer Pago Deposito ",JPY,0.01,0,0
1237434,6831B90J,2025-12-30,79,0,34017,0,0,0,390,0,0,0,0,0,,5857.63,0.00,V,0,"Tercer Link de Pago",EUR,1.00,0,0
1237435,V8HL8Y30,2026-01-20,21,0,28092,0,0,0,366,0,0,0,0,0,"Recibido Wise USD",-268.00,0.00,V,0,"Reembolso Trails Of Indochina servicios cancelados",USD,0.86,0,0
1237635,27XV7E25,2026-01-22,5,410257,0,0,0,188,0,0,0,0,0,0,,0.00,1490.21,V,0,"FAM Concha",EUR,1.00,0,0
1238247,9O5LTM76,2026-01-21,34,0,28092,0,0,0,370,0,0,0,0,0,,599.00,0.00,V,0,"pago extra vuelo ",EUR,1.00,0,0
1238248,2WTW6NIB,2025-12-19,47,0,27610,0,0,0,391,0,0,0,0,0,011672885,115.20,0.00,V,0,"Seguro viaje Marruecos",EUR,1.00,0,0
1239319,2WTW6NIB,2026-01-23,96,0,27688,0,0,0,394,0,0,0,0,0,,1030.68,0.00,V,0,"Pago billetes LH",EUR,1.00,0,0
1239320,2WTW6NIB,2026-01-14,92,453447,0,0,0,179,0,0,0,0,0,0,,0.00,918.00,V,0,"Pago emisión billete Air France",EUR,1.00,0,0
1239321,2WTW6NIB,2026-01-14,92,453447,0,0,0,179,0,0,0,0,0,0,,18.36,0.00,V,0,"Comisión Link tarjeta:2.00% ",EUR,1.00,0,1
1239322,2WTW6NIB,2026-01-14,91,416251,0,0,0,192,0,0,0,0,0,0,,0.00,242.52,V,0,"Pago billete AZ",EUR,1.00,0,0
1239323,2WTW6NIB,2026-01-14,91,416251,0,0,0,192,0,0,0,0,0,0,,4.85,0.00,V,0,"Comisión Link tarjeta:2.00% ",EUR,1.00,0,1
1239326,4JC62HM8,2026-01-22,48,0,27688,0,0,0,397,0,0,0,0,0,Reembolsos,-161.60,0.00,V,0,"Reembolso billete IB",EUR,1.00,0,0
1239327,4JC62HM8,2026-01-22,48,0,27688,0,0,0,398,0,0,0,0,0,Reembolsos,-599.04,0.00,V,0,"Reembolso billete RJ",EUR,1.00,0,0
1239328,4JC62HM8,2026-01-22,48,0,27688,0,0,0,399,0,0,0,0,0,Reembolsos,-540.68,0.00,V,0,"Reembolso billete MS",EUR,1.00,0,0
1239403,2WTW6NIB,2026-01-26,32,417999,0,0,0,193,0,0,0,0,0,0,"Cargado a comisiones a Dic '25",0.00,1785.84,V,0,"PAGO FINAL ",EUR,1.00,0,0
1241343,2WTW6NIB,2026-01-27,97,456355,0,0,0,196,0,0,0,0,0,0,,0.00,46296.87,V,0,"Pago billetes aéreos",EUR,1.00,0,0
1241344,4JC62HM8,2026-01-23,96,0,27608,0,0,0,392,0,0,0,0,0,,5467.00,0.00,V,0,"Pago total borealis ",EUR,1.00,0,0
1241345,2WTW6NIB,2026-01-27,98,456331,0,0,0,197,0,0,0,0,0,0,"Frictionless Visa",0.00,7446.00,V,0,"Primer pago servicios",EUR,0.86,0,0
1241346,2WTW6NIB,2026-01-27,98,456331,0,0,0,197,0,0,0,0,0,0,"Frictionless Visa",148.92,0.00,V,0,"Comisión Link tarjeta:2.00% ",EUR,0.86,0,1
1242156,2WTW6NIB,2026-01-29,87,440104,0,0,0,190,0,0,0,0,0,0,"AMEX cliente",0.00,505.10,V,0,"Pago reemisiones",EUR,1.00,0,0
1242157,2WTW6NIB,2026-01-29,87,440104,0,0,0,190,0,0,0,0,0,0,"AMEX cliente",10.10,0.00,V,0,"Comisión Link tarjeta:2.00% ",EUR,1.00,0,1
1242158,2WTW6NIB,2026-01-29,95,416251,0,0,0,187,0,0,0,0,0,0,"AMEX cliente",0.00,985.79,V,0,"Pago billete Air France",EUR,1.00,0,0
1242159,2WTW6NIB,2026-01-29,95,416251,0,0,0,187,0,0,0,0,0,0,"AMEX cliente",19.72,0.00,V,0,"Comisión Link tarjeta:2.00% ",EUR,1.00,0,1
1242160,2WTW6NIB,2026-01-29,62,0,28111,0,0,0,231,0,0,0,0,0,"PAGADO - B.MARCH EUR",2147.00,0.00,V,0,"Pago deposito Bawah Reserve",EUR,1.00,0,0
1242966,27XV7E25,2026-01-30,21,0,29136,0,0,0,367,0,0,0,0,0,"Reembolso en cupón Gannet",-718.21,0.00,V,0,"Credito Four Seasons Jimbaran",EUR,1.00,0,0
1242967,V8HL8Y30,2026-01-27,93,0,31573,0,0,0,396,0,0,0,0,0,"PAGADO - WISE USD",2015.60,0.00,V,0,"Pago deposito Natural Selection",USD,0.84,0,0
1242968,V8HL8Y30,2026-01-27,93,0,34560,0,0,0,400,0,0,0,0,0,"PAGADO - WISE USD",754.94,0.00,V,0,"Pago deposito Wolwedans Namibia",USD,0.06,0,0
1242969,D81L82X9,2026-01-30,67,0,27688,0,0,0,389,0,0,0,0,0,,75.00,0.00,V,0,"Pago reemisión billete IB",EUR,1.00,0,0
1242970,D81L82X9,2026-01-30,67,440104,0,0,0,189,0,0,0,0,0,0,,0.00,75.00,V,0,"Pago reemisión 21ENE",EUR,1.00,0,0
1242971,D81L82X9,2026-01-30,67,440104,0,0,0,189,0,0,0,0,0,0,,1.50,0.00,V,0,"Comisión Link tarjeta:2.00% ",EUR,1.00,0,1
1242972,V8HL8Y30,2026-01-28,98,0,29091,0,0,0,401,0,0,0,0,0,"PAGADO - WISE USD",7770.00,0.00,V,0,"1era parte Luna de Miel Afroca ",USD,1.00,0,0
1242973,D81L82X9,2026-01-23,67,0,27688,0,0,0,395,0,0,0,0,0,"Contra Saldo",215.00,0.00,V,0,"Reemisión billete IB",EUR,1.00,0,0
1242974,D81L82X9,2026-01-30,95,0,27688,0,0,0,388,0,0,0,0,0,,985.79,0.00,V,0,"Pago billete Air France - MAD ABJ MAD",EUR,1.00,0,0
1242975,4JC62HM8,2026-01-28,97,0,27688,0,0,0,402,0,0,0,0,0,"Abanca EUR",6632.00,0.00,V,0,"Pago billetes EY business",EUR,1.00,0,0
1242976,2WTW6NIB,2026-01-28,97,0,27688,0,0,0,403,0,0,0,0,0,"Abanca EUR",4525.00,0.00,V,0,"Pago billetes EY 5 pax",EUR,1.00,0,0
1242977,4JC62HM8,2026-01-28,97,0,27688,0,0,0,404,0,0,0,0,0,"Abanca EUR",1810.00,0.00,V,0,"Pago billetes EY 2 pax",EUR,1.00,0,0
1242978,2WTW6NIB,2026-01-30,103,457383,0,0,0,201,0,0,0,0,0,0,"PAGADO - B.MARCH EUR",0.00,9937.00,V,0,"Pago vuelos Cristina y Jose",EUR,1.00,0,0
1244603,4JC62HM8,2026-01-30,102,457382,0,0,0,203,0,0,0,0,0,0,"Abanca EUR",0.00,14570.00,V,0,"Pago completo Santiago y Rocio ",EUR,1.00,0,0
1244703,4JC62HM8,2026-01-30,102,457382,0,0,0,204,0,0,0,0,0,0,,0.00,14570.00,V,0,"Pago total Michael y Belen ",EUR,1.00,0,0
1244704,N7YGAGND,2026-02-02,99,0,33423,0,0,0,405,0,0,0,0,0,,4013.03,0.00,V,0,"Pago Primer Deposito Amankora",EUR,1.00,0,0
1244705,2WTW6NIB,2026-02-03,102,0,31584,0,0,0,412,0,0,0,0,0,,20280.00,0.00,V,0,"Pago total Abercrombie&Kent Egypt",EUR,1.00,0,0
1244706,2WTW6NIB,2026-02-02,96,455712,0,0,0,191,0,0,0,0,0,0,"AMEX cliente",0.00,7874.00,V,0,"Pago total del cliente",EUR,1.00,0,0
1244707,2WTW6NIB,2026-02-02,96,455712,0,0,0,191,0,0,0,0,0,0,"AMEX cliente",157.48,0.00,V,0,"Comisión Link tarjeta:2.00% ",EUR,1.00,0,1
1245937,4JC62HM8,2026-02-04,34,431025,0,0,0,205,0,0,0,0,0,0,,0.00,599.00,V,0,"Pago extras",EUR,1.00,0,0
1245939,4JC62HM8,2026-01-30,101,0,27688,0,0,0,408,0,0,0,0,0,,337.81,0.00,V,0,"Pago billete IB",EUR,1.00,0,0
1246099,2WTW6NIB,2026-01-30,101,457207,0,0,0,202,0,0,0,0,0,0,"VISA cliente",0.00,5539.00,V,0,"Pago servicios de hotel, traslado y vuelo IB",EUR,1.00,0,0
1246100,2WTW6NIB,2026-01-30,101,457207,0,0,0,202,0,0,0,0,0,0,"VISA cliente",110.78,0.00,V,0,"Comisión Link tarjeta:2.00% ",EUR,1.00,0,1
1247147,V8HL8Y30,2026-02-04,101,0,32499,0,0,0,413,0,0,0,0,0,"PAGADO - WISE USD",4934.00,0.00,V,0,"Pago servicios en Marrakech | Hotel + traslados",USD,0.84,0,0
1247148,4JC62HM8,2026-01-29,100,457138,0,0,0,210,0,0,0,0,0,0,,0.00,4175.00,V,0,"Pago 50% crucero",EUR,1.00,0,0
1247149,2WTW6NIB,2026-02-05,59,443989,0,0,0,199,0,0,0,0,0,0,"AMEX Cliente",0.00,39805.00,V,0,"Pago Final Flores",EUR,1.00,0,0
1247150,2WTW6NIB,2026-02-05,59,443989,0,0,0,199,0,0,0,0,0,0,"AMEX Cliente",796.10,0.00,V,0,"Comisión Link tarjeta:2.00% ",EUR,1.00,0,1
1247151,4JC62HM8,2026-02-03,59,443989,0,0,0,206,0,0,0,0,0,0,,0.00,30669.00,V,0,"Pago Final Henkel",EUR,1.00,0,0
1247152,4JC62HM8,2026-02-02,34,0,27350,0,0,0,406,0,0,0,0,0,"Abanca EUR",182.60,0.00,V,0,"Pago traslados Madrid ",EUR,1.00,0,0
1247153,N7YGAGND,2026-02-05,97,0,34729,0,0,0,414,0,0,0,0,0,,718.47,0.00,V,0,"Compra billetes online | Jaipur - Udaipur",EUR,1.00,0,0
1248381,4JC62HM8,2026-02-05,105,458506,0,0,0,211,0,0,0,0,0,0,,0.00,1584.00,V,0,"Pago total Reserva",EUR,1.00,0,0
1248836,6KS57267,2025-12-11,59,0,32940,0,0,0,420,0,0,0,0,0,"PAGADO - INTERCO (CHASE)",22488.75,0.00,V,0,"Pago 25% de Reserva",USD,0.88,0,0
1249744,58F4C17Z,2026-01-23,57,0,34292,0,0,0,375,0,0,0,0,0,"PAGADO - B.MARCH USD",2173.00,0.00,V,0,"Pago deposito Cap Karoso",USD,0.85,0,0
1249745,58F4C17Z,2026-01-23,93,0,31572,0,0,0,369,0,0,0,0,0,"PAGADO - B.MARCH USD",2725.00,0.00,V,0,"Pago deposito Sussurro",USD,0.86,0,0
1249746,V8HL8Y30,2026-02-06,59,0,32940,0,0,0,422,0,0,0,0,0,"PAGADO - WISE USD",51391.25,0.00,V,0,"Pago Final a Proveedor (2 de 2)",USD,0.85,0,0
1249747,58F4C17Z,2026-02-05,59,0,32940,0,0,0,421,0,0,0,0,0,"PAGADO - B.MARCH USD",40000.00,0.00,V,0,"Pago Final a Proveedor (1 de 2)",USD,0.85,0,0
1249748,4JC62HM8,2026-02-06,86,0,34231,0,0,0,365,0,0,0,0,0,"PAGADO - ABANCA",2200.00,0.00,V,0,"Pago total reserva Alfonso XIII",EUR,1.00,0,0
1249749,4JC62HM8,2026-02-06,86,0,34721,0,0,0,417,0,0,0,0,0,"PAGADO - ABANCA",2920.50,0.00,V,0,"Pago total reserva Palace",EUR,1.00,0,0
1249750,6831B90J,2026-02-07,78,0,31172,0,0,0,418,0,0,0,0,0,,122.00,0.00,V,0,"Compra asientos IB",EUR,1.00,0,0
1249751,4JC62HM8,2026-02-06,106,0,27688,0,0,0,419,0,0,0,0,0,"Abanca EUR",2564.60,0.00,V,0,"Pago billete KLM",EUR,1.00,0,0
1249752,2WTW6NIB,2026-01-28,99,434214,0,0,0,214,0,0,0,0,0,0,"Visa Cliente",0.00,4329.00,V,0,"Primer Deposito Amankora",EUR,1.00,0,0
1249753,2WTW6NIB,2026-01-28,99,434214,0,0,0,214,0,0,0,0,0,0,"Visa Cliente",86.58,0.00,V,0,"Comisión Link tarjeta:2.00% ",EUR,1.00,0,1
1249768,6KS57267,2026-02-03,87,0,33613,0,0,1,0,0,0,0,0,0,M3206243,0.00,271.66,V,0,"Pago de Comisi&oacute;n Pendiente",USD,0.85,0,0
1249770,6KS57267,2026-02-03,53,0,32364,0,0,5,0,0,0,0,0,0,M3203838,0.00,464.18,V,0,"Pago de Comisi&oacute;n Pendiente",USD,1.19,0,0
1250413,6KS57267,2026-02-13,102,0,28093,0,0,0,407,0,0,0,0,0,"ARC -CONTADO",2357.92,0.00,V,0,"Pago emisión billetes  - ARC CONTADO",USD,0.84,0,0
1250865,6KS57267,2026-02-09,67,440104,0,0,0,215,0,0,0,0,0,0,,0.00,7410.36,V,0,"Pago estancia 4 noches St Regis Bal Harbour",USD,0.84,0,0
1250866,D81L82X9,2026-02-10,67,0,27688,0,0,0,433,0,0,0,0,0,,250.00,0.00,V,0,"Pago reemision 05FEB",EUR,1.00,0,0
1250867,D81L82X9,2026-02-10,67,0,34416,0,0,0,425,0,0,0,0,0,,6240.44,0.00,V,0,"Estancia 4 noches St Regis Bal Harbour",EUR,1.00,0,0
1251040,4JC62HM8,2026-02-09,107,0,27688,0,0,0,431,0,0,0,0,0,,1579.36,0.00,V,0,"Pago billetes QR",EUR,1.00,0,0
1251041,4JC62HM8,2026-02-09,107,0,27688,0,0,0,432,0,0,0,0,0,,254.80,0.00,V,0,"Pago billetes VN",EUR,1.00,0,0
1251047,4JC62HM8,2026-02-09,105,0,34854,0,0,0,426,0,0,0,0,0,,792.00,0.00,V,0,"Pago 50% Terrestre",EUR,1.00,0,0
1252857,2WTW6NIB,2026-02-11,59,443989,0,0,0,207,0,0,0,0,0,0,"AMEX cliente",0.00,13119.75,V,0,"Pago Final Wendlant Primer Link de Pago",EUR,1.00,0,0
1252858,2WTW6NIB,2026-02-11,59,443989,0,0,0,207,0,0,0,0,0,0,"AMEX cliente",262.40,0.00,V,0,"Comisión Link tarjeta:2.00% ",EUR,1.00,0,1
1252859,2WTW6NIB,2026-02-12,59,443989,0,0,0,208,0,0,0,0,0,0,"AMEX cliente",0.00,13119.75,V,0,"Pago Final Wendlant Segundo Link de Pago",EUR,1.00,0,0
1252860,2WTW6NIB,2026-02-12,59,443989,0,0,0,208,0,0,0,0,0,0,"AMEX cliente",262.40,0.00,V,0,"Comisión Link tarjeta:2.00% ",EUR,1.00,0,1
1252861,4JC62HM8,2026-02-08,107,459192,0,0,0,216,0,0,0,0,0,0,,0.00,3630.00,V,0,"Primer Pago Sara y Carlos ",EUR,1.00,0,0
1252862,4JC62HM8,2026-01-26,36,432959,0,0,0,217,0,0,0,0,0,0,,0.00,784.03,V,0,"Comision restante ",EUR,1.00,0,0
1252873,REGHN36P,2026-01-29,64,444309,0,0,0,200,0,0,0,0,0,0,"PAGADO - VEXMAS MXN",0.00,21329.88,V,0,"Pago billete AM",MXN,0.05,0,0
1252874,6KS57267,2026-02-06,102,0,28093,0,0,0,410,0,0,0,0,0,"ARC - CONTADO",241.00,0.00,V,0,"Compra asientos vuelos MAD CAI MAD",USD,0.84,0,0
1252875,6KS57267,2026-02-06,103,0,28093,0,0,0,409,0,0,0,0,0,"ARC -CONTADO",1568.20,0.00,V,0,"Emisión French Bee | ARC-CONTADO",USD,0.84,0,0
1253843,2WTW6NIB,2026-02-13,99,434214,0,0,0,220,0,0,0,0,0,0,"Visa Cliente",0.00,14000.00,V,0,"Pago Total por Vuelos",EUR,1.00,0,0
1253844,2WTW6NIB,2026-02-13,99,434214,0,0,0,220,0,0,0,0,0,0,"Visa Cliente",280.00,0.00,V,0,"Comisión Link tarjeta:2.00% ",EUR,1.00,0,1
1253845,2WTW6NIB,2026-02-13,99,434214,0,0,0,219,0,0,0,0,0,0,"Visa Cliente",0.00,14000.00,V,0,"Primer Pago Aereos",EUR,1.00,0,0
1253846,2WTW6NIB,2026-02-13,99,434214,0,0,0,219,0,0,0,0,0,0,"Visa Cliente",280.00,0.00,V,0,"Comisión Link tarjeta:2.00% ",EUR,1.00,0,1
1253847,2WTW6NIB,2026-02-05,86,452201,0,0,0,209,0,0,0,0,0,0,"OK EN REDSYS",0.00,5633.00,V,0,"Segundo pago hoteles y seguro",EUR,1.00,0,0
1253848,2WTW6NIB,2026-02-05,86,452201,0,0,0,209,0,0,0,0,0,0,"OK EN REDSYS",112.66,0.00,V,0,"Comisión Link tarjeta:2.00% ",EUR,1.00,0,1
1255059,2WTW6NIB,2026-02-16,106,458794,0,0,0,212,0,0,0,0,0,0,"AMEX cliente",0.00,2650.00,V,0,"Pago billete KLM/Air France",EUR,1.00,0,0
1255060,2WTW6NIB,2026-02-16,106,458794,0,0,0,212,0,0,0,0,0,0,"AMEX cliente",53.00,0.00,V,0,"Comisión Link tarjeta:2.00% ",EUR,1.00,0,1
1255061,2WTW6NIB,2026-02-16,99,434214,0,0,0,222,0,0,0,0,0,0,,0.00,9900.12,V,0,"Pago para Raffles - Total de Reserva",EUR,1.00,0,0
1255062,2WTW6NIB,2026-02-16,99,434214,0,0,0,222,0,0,0,0,0,0,,198.00,0.00,V,0,"Comisión Link tarjeta:2.00% ",EUR,1.00,0,1
1255063,2WTW6NIB,2026-02-16,99,434214,0,0,0,221,0,0,0,0,0,0,"Visa Cliente",0.00,6804.75,V,0,"Pago Por Vuelos",EUR,1.00,0,0
1255064,2WTW6NIB,2026-02-16,99,434214,0,0,0,221,0,0,0,0,0,0,"Visa Cliente",136.10,0.00,V,0,"Comisión Link tarjeta:2.00% ",EUR,1.00,0,1
1255065,1N7N7W93,2026-02-12,86,0,34721,0,0,0,437,0,0,0,0,0,"PAGADO - WISE EUR",999.90,0.00,V,0,"ESTANCIA 13-15 FEB PALACE",EUR,1.00,0,0
1255066,9O5LTM76,2026-01-02,79,0,34017,0,0,0,424,0,0,0,0,0,,6000.50,0.00,V,0,"Pago de Reservación con Link de Tarjeta ",EUR,1.00,0,0
1255067,9O5LTM76,2026-01-02,79,0,34017,0,0,0,423,0,0,0,0,0,,6000.50,0.00,V,0,"Pago de Reservación con Link de Tarjeta ",EUR,1.00,0,0
1255068,4JC62HM8,2026-02-13,106,0,27688,0,0,0,441,0,0,0,0,0,,617.25,0.00,V,0,"Pago billete 4Z - ABANCA",EUR,1.00,0,0
1255072,2WTW6NIB,2026-01-30,67,440104,0,0,0,213,0,0,0,0,0,0,MasterCard,0.00,215.00,V,0,"Pago Remision 23 de Enero",EUR,1.00,0,0
1255073,2WTW6NIB,2026-01-30,67,440104,0,0,0,213,0,0,0,0,0,0,MasterCard,4.30,0.00,V,0,"Comisión Link tarjeta:2.00% ",EUR,1.00,0,1
1256195,2WTW6NIB,2026-02-06,41,436513,0,0,0,225,0,0,0,0,0,0,"BMarch EUR",0.00,20197.00,V,0,"Segundo Pago Carlos Carrera",EUR,1.00,0,0
1256196,4JC62HM8,2026-02-14,110,459875,0,0,0,235,0,0,0,0,0,0,,0.00,2790.00,V,0,"50% Deposito de villa en Ibiza + todos los vuelos - Noah Noudari",EUR,1.00,0,0
1256197,4JC62HM8,2026-02-16,110,459875,0,0,0,229,0,0,0,0,0,0,,0.00,2790.00,V,0,"50% Deposito de villa en Ibiza + todos los vuelos - Boris Bogolyubov (Andreina Benetar via Revolut)",EUR,1.00,0,0
1256198,4JC62HM8,2026-02-16,110,459875,0,0,0,227,0,0,0,0,0,0,,0.00,2790.00,V,0,"50% Deposito de villa en Ibiza + todos los vuelos - Christopher Livanos",EUR,1.00,0,0
1256199,4JC62HM8,2026-02-16,110,459875,0,0,0,234,0,0,0,0,0,0,,0.00,2790.00,V,0,"50% Deposito de villa en Ibiza + todos los vuelos - Alp Yaman",EUR,1.00,0,0
1256200,4JC62HM8,2026-02-17,110,459875,0,0,0,231,0,0,0,0,0,0,,0.00,4800.00,V,0,"100% Deposito de villa en Ibiza + todos los vuelos - David Benatar",EUR,1.00,0,0
1256201,4JC62HM8,2026-02-16,110,459875,0,0,0,232,0,0,0,0,0,0,,0.00,2790.00,V,0,"50% Deposito de villa en Ibiza + todos los vuelos - Sourena Mostafavi Tabatabaei",EUR,1.00,0,0
1256458,6KS57267,2026-02-20,99,0,28093,0,0,0,444,0,0,0,0,0,"ARC -CONTADO",3810.44,0.00,V,0,"Pago billetes AS - Business",USD,0.79,0,0
1256460,6KS57267,2026-02-20,99,0,28093,0,0,0,445,0,0,0,0,0,"ARC -CONTADO",14117.00,0.00,V,0,"Pago billetes UA - business",USD,0.77,0,0
1256464,6KS57267,2026-02-20,99,0,28093,0,0,0,446,0,0,0,0,0,"ARC -CONTADO",9597.60,0.00,V,0,"Pago billetes EK",USD,0.84,0,0
1256465,6KS57267,2026-02-20,99,0,28093,0,0,0,447,0,0,0,0,0,"ARC -CONTADO",7103.40,0.00,V,0,"Pago billetes QR",USD,0.85,0,0
1256467,6KS57267,2026-02-20,99,0,28093,0,0,0,448,0,0,0,0,0,"ARC -CONTADO",2901.68,0.00,V,0,"Pago billetes TK",USD,0.83,0,0
1256470,6KS57267,2026-02-20,99,0,28093,0,0,0,449,0,0,0,0,0,"ARC -CONTADO",482.42,0.00,V,0,"Pago billetes AS - Turista",USD,0.84,0,0
1256474,6KS57267,2026-02-20,99,0,28093,0,0,0,450,0,0,0,0,0,ar,688.50,0.00,V,0,"Pago billete UA - Turista",USD,0.84,0,0
1256478,6KS57267,2026-02-20,99,0,28093,0,0,0,451,0,0,0,0,0,"ARC -CONTADO",3272.50,0.00,V,0,"Pago billetes GA",USD,0.85,0,0
1256480,6KS57267,2026-02-20,99,0,28093,0,0,0,452,0,0,0,0,0,"ARC -CONTADO",1190.00,0.00,V,0,"Pago billetes ID",USD,0.85,0,0
1257283,4JC62HM8,2026-02-17,112,460943,0,0,0,238,0,0,0,0,0,0,,0.00,5170.00,V,0,"Pago Billetes de Avion a Marruecos",EUR,1.00,0,0
1257284,4JC62HM8,2026-02-18,111,460108,0,0,0,224,0,0,0,0,0,0,,0.00,7000.00,V,0,"Pago parcial viaje",EUR,1.00,0,0
1257285,4JC62HM8,2026-02-12,110,459875,0,0,0,228,0,0,0,0,0,0,,0.00,2790.00,V,0,"50% Deposito de villa en Ibiza + todos los vuelos - Pau Molina",EUR,1.00,0,0
1258294,4JC62HM8,2026-02-17,111,460108,0,0,0,226,0,0,0,0,0,0,,0.00,3107.94,V,0,"Pago FINAL saldo ",EUR,1.00,0,0
1258295,4JC62HM8,2026-02-17,111,460108,0,0,0,226,0,0,0,0,0,0,,62.16,0.00,V,0,"Comisión Link tarjeta:2.00% ",EUR,1.00,0,1
