folio,folio_agencia,referencia,auth,reserva,vendedor,concepto,pago_directo,pago_proveedor,pago_file,fecha,fecha_registro,cuenta_proceso,usuario_proceso,fecha_proceso,hora_proceso,monto,moneda,tipo_cambio,monto_recibido,cliente,forma_pago,banco,tarjeta,observaciones,serie_factura,folio_factura,cancelado,fecha_cancelacion,usuario_cancela,motivo_cancelacion,enviado,tiene_anexo,monedero,monto_monedero,folio_monedero,paypal,conekta,webpay,pol_vigencia,link_pago,pol_intento,pol_pagado,pol_fecha_pago,pol_codigo_auth,pol_tarjeta,pol_detalle_pago,pol_notas,pol_correo_enviado,token_pago
1460339,1,DOSA790717BQ3,,1,ConchaD,"Pago Depósito (cliente)",0,0,0,2025-04-07,2025-04-07,58F4C17Z,PabloE,2025-05-08,04:13,30208.00,USD,1.00,30208.00,406243,F6I,"Banco del Bajio",,,,0,0,0000-00-00,,,0,1,0,0.00,0,0,0,0,0000-00-00,,0,0,0000-00-00,,,,,0,
1462877,2,COBRADO,,2,AndreaG,"Pago 100% del viaje",0,0,0,2025-04-09,2025-04-09,2WTW6NIB,AriadnaR,2025-04-10,10:35,14531.50,EUR,1.00,14531.50,406815,F6I,,,,,0,0,0000-00-00,,,0,1,0,0.00,0,0,0,0,0000-00-00,,0,0,0000-00-00,,,,,0,
1463998,3,,,2,AndreaG,"Pago 100% del viaje",0,0,0,2025-04-09,2025-04-10,,,0000-00-00,,14580.00,EUR,1.00,14580.00,406815,F6I,,,,,0,1,2025-04-10,AndreaG,error,0,0,0,0.00,0,0,0,0,0000-00-00,,0,0,0000-00-00,,,,,0,
1466734,4,"COBRADO - BANCA MARCH EUR",,3,AndreaG,"EXCURSIONES DOHA NICOLAS REVUELTO/BEGOÑA LOPEZ",0,0,0,2025-04-14,2025-04-14,2WTW6NIB,PabloE,2025-04-14,02:49,1164.00,EUR,1.00,1164.00,407585,F6I,IBERCAJA,,,,0,0,0000-00-00,,,0,0,0,0.00,0,0,0,0,0000-00-00,,0,0,0000-00-00,,,,,0,
1477729,5,"COBRADO - BANCA MARCH EUR",,4,AndreaG,"Primer Pago Viaje",0,0,0,2025-04-25,2025-04-25,2WTW6NIB,PabloE,2025-05-08,04:14,3750.00,EUR,1.00,3750.00,409434,F6I,"Caixa Bank",,,,0,0,0000-00-00,,,0,1,0,0.00,0,0,0,0,0000-00-00,,0,0,0000-00-00,,,,,0,
1478029,6,"COBRADO - CHASE USD",,2,AndreaG,"Pago ",0,0,0,2025-04-28,2025-04-25,58F4C17Z,PabloE,2025-05-08,04:11,262.17,USD,0.88,297.92,406815,F6I,,,"hecho por stripe",,0,0,0000-00-00,,,0,1,0,0.00,0,0,0,0,0000-00-00,,0,0,0000-00-00,,,,,0,
1481684,7,"COBRADO - BANCA MARCH EUR",,6,AndreaG,"Pago viaje Empresa",0,0,0,2025-04-30,2025-04-30,2WTW6NIB,PabloE,2025-05-06,04:44,5280.00,EUR,1.00,5280.00,410267,F6I,Santander,,,,0,0,0000-00-00,,,0,1,0,0.00,0,0,0,0,0000-00-00,,0,0,0000-00-00,,,,,0,
1481760,8,"COBRADO - BANCA MARCH EUR",,8,AndreaG,"Primer Pago Nicolas & Begoña",0,0,0,2025-04-30,2025-04-30,2WTW6NIB,PabloE,2025-05-06,04:42,3730.00,EUR,1.00,3730.00,407585,F6I,IBERCAJA,,,,0,0,0000-00-00,,,0,1,0,0.00,0,0,0,0,0000-00-00,,0,0,0000-00-00,,,,,0,
1481796,9,"COBRADO - BANCA MARCH EUR",,8,AndreaG,"Pago viaje Raquel & Celia ",0,0,0,2025-05-02,2025-04-30,2WTW6NIB,PabloE,2025-05-06,04:43,3730.00,EUR,1.00,3730.00,407585,F6I,"Caixa Bank",,,,0,0,0000-00-00,,,0,1,0,0.00,0,0,0,0,0000-00-00,,0,0,0000-00-00,,,,,0,
1485760,10,"COBRADO - BANCA MARCH EUR",,9,AndreaG,"Vuelos Juan Picor ",0,0,0,2025-05-06,2025-05-05,2WTW6NIB,PabloE,2025-05-07,02:32,6866.01,EUR,1.00,6866.01,410955,F6I,"Caixa Bank",,"HAY QUE HACER FACTURA DE EMPRESA ",,0,0,0000-00-00,,,0,1,0,0.00,0,0,0,0,0000-00-00,,0,0,0000-00-00,,,,,0,
1497546,11,171000005,,10,MartinB,"Pago billetes aéreos",0,0,0,2025-05-12,2025-05-16,2WTW6NIB,PabloE,2025-05-19,04:24,426.46,EUR,1.00,426.46,412474,00B,,,,,0,0,0000-00-00,,,0,0,0,0.00,0,0,0,0,0000-00-00,,0,0,0000-00-00,,,,,0,
1503977,12,,,11,MartinB,"Pago billetes aéreos",0,0,0,2025-05-23,2025-05-22,2WTW6NIB,PabloE,2025-05-27,03:00,577.36,EUR,1.00,577.36,412474,F6I,Santander,,,,0,0,0000-00-00,,,0,1,0,0.00,0,0,0,0,0000-00-00,,0,0,0000-00-00,,,,,0,
1504997,13,"COBRADO - BANCA MARCH EUR",,9,AndreaG,"Pago 1 terrestre (Primer Pago)",0,0,0,2025-05-23,2025-05-23,2WTW6NIB,PabloE,2025-05-27,04:21,10470.00,EUR,1.00,10470.00,410955,F6I,"BANCA MARCH",,,,0,0,0000-00-00,,,0,1,0,0.00,0,0,0,0,0000-00-00,,0,0,0000-00-00,,,,,0,
1507758,14,,,12,MartinB,"Pago billetes aéreos",0,0,0,2025-05-27,2025-05-27,2WTW6NIB,PabloE,2025-05-27,05:40,3308.68,EUR,1.00,3308.68,415064,00B,,,"Pago directo con tarjeta Amex del pasajero",,0,0,0000-00-00,,,0,0,0,0.00,0,0,0,0,0000-00-00,,0,0,0000-00-00,,,,,0,
1507759,15,,,12,MartinB,"Pago billetes aéreos",0,0,0,2025-05-16,2025-05-27,2WTW6NIB,PabloE,2025-05-27,05:40,3308.68,EUR,1.00,3308.68,415064,00B,,,"Pago directo con tarjeta Mastercard del pasajero",,0,0,0000-00-00,,,0,0,0,0.00,0,0,0,0,0000-00-00,,0,0,0000-00-00,,,,,0,
1513500,16,,,13,AndreaG,"Pago 100% vuelos ",0,0,0,2025-06-02,2025-06-02,2WTW6NIB,PabloE,2025-06-04,07:44,2742.00,EUR,1.00,2742.00,410267,F6I,,,,,0,0,0000-00-00,,,0,0,0,0.00,0,0,0,0,0000-00-00,,0,0,0000-00-00,,,,,0,
1513596,17,,,14,MartinB,"Pago billetes aéreos + EMD",0,0,0,2025-06-02,2025-06-02,2WTW6NIB,PabloE,2025-06-03,05:02,213.90,EUR,1.00,213.90,416251,00B,,,,,0,0,0000-00-00,,,0,0,0,0.00,0,0,0,0,0000-00-00,,0,0,0000-00-00,,,,,0,
1513599,18,,,14,MartinB,"Pago billetes aéreos + EMD - Gorozpe",0,0,0,2025-06-02,2025-06-02,2WTW6NIB,PabloE,2025-06-03,05:02,213.90,EUR,1.00,213.90,416251,00B,,,,,0,0,0000-00-00,,,0,0,0,0.00,0,0,0,0,0000-00-00,,0,0,0000-00-00,,,,,0,
1515248,19,,,13,AndreaG,"Pago 50% Terrestre",0,0,0,2025-06-03,2025-06-03,2WTW6NIB,PabloE,2025-06-04,07:44,12605.00,EUR,1.00,12605.00,410267,F6I,Caixa,,,,0,0,0000-00-00,,,0,0,0,0.00,0,0,0,0,0000-00-00,,0,0,0000-00-00,,,,,0,
1522610,20,,,15,MartinB,"Pago billetes aéreos",0,0,0,2025-06-10,2025-06-10,2WTW6NIB,PabloE,2025-06-12,03:25,960.68,EUR,1.00,960.68,417999,F6I,,,"Pago billete fam tour MAD-CMB-MAD | 05JUL - 16JUL",,0,1,2026-01-14,EstherP,"fue un pago hecho por Gannet ",0,0,0,0.00,0,0,0,0,0000-00-00,,0,0,0000-00-00,,,,,0,
1529831,21,"COBRADO - B. MARCH EUR",,17,AndreaG,"Primer Pago vuelos + terrestre",0,0,0,2025-06-16,2025-06-17,2WTW6NIB,AriadnaR,2025-06-20,14:31,14734.00,EUR,1.00,14734.00,419317,F6I,"Caixa Bank",,,,0,0,0000-00-00,,,0,1,0,0.00,0,0,0,0,0000-00-00,,0,0,0000-00-00,,,,,0,
1530753,22,"COBRADO - BANCA MARCH EUR",,4,AndreaG,"Segundo Pago",0,0,0,2025-06-17,2025-06-17,2WTW6NIB,SalvadorR,2025-06-20,12:47,5913.00,EUR,1.00,5913.00,409434,F6I,SANTANDER,,,,0,0,0000-00-00,,,0,1,0,0.00,0,0,0,0,0000-00-00,,0,0,0000-00-00,,,,,0,
1534073,23,"COBRADO - B. MARCH EUR",,19,HelenM,"Pago total de Viaje",0,0,0,2025-06-17,2025-06-20,2WTW6NIB,AriadnaR,2025-06-20,14:38,28496.60,EUR,1.00,28496.60,420033,F6I,,,,,0,0,0000-00-00,,,0,1,0,0.00,0,0,0,0,0000-00-00,,0,0,0000-00-00,,,,,0,
1543342,24,,,20,MartinB,"Pago directo con tarjeta de crédito de la pasajera",0,0,0,2025-07-01,2025-07-01,,,0000-00-00,,7014.00,GPB,1.00,7014.00,420586,00B,,,,,0,1,2025-07-09,PabloE,Corrección,0,0,0,0.00,0,0,0,0,0000-00-00,,0,0,0000-00-00,,,,,0,
1543498,25,"Cobrado Banca March EUR",,22,HelenM,"Pago total de Viaje",0,0,0,2025-07-03,2025-07-01,2WTW6NIB,PabloE,2025-07-03,10:38,6222.00,EUR,1.00,6222.00,420033,F6I,,,,,0,0,0000-00-00,,,0,1,0,0.00,0,0,0,0,0000-00-00,,0,0,0000-00-00,,,,,0,
1547662,26,,,16,ConchaD,"Primer Pago",0,0,0,2025-06-18,2025-07-04,58F4C17Z,PabloE,2025-07-09,08:22,201383.45,USD,1.00,201383.45,419042,F6I,,,,,0,0,0000-00-00,,,0,0,0,0.00,0,0,0,0,0000-00-00,,0,0,0000-00-00,,,,,0,
1547663,27,,,16,ConchaD,"Segundo Pago",0,0,0,2025-06-30,2025-07-04,58F4C17Z,PabloE,2025-07-09,08:23,14720.50,USD,1.00,14720.50,419042,F6I,,,,,0,0,0000-00-00,,,0,0,0,0.00,0,0,0,0,0000-00-00,,0,0,0000-00-00,,,,,0,
1549568,28,,,21,ConchaD,"Primer Pago ",0,0,0,2025-07-02,2025-07-07,2WTW6NIB,PabloE,2025-07-09,08:26,27124.26,EUR,1.00,27124.26,421132,F6I,,,,,0,0,0000-00-00,,,0,1,0,0.00,0,0,0,0,0000-00-00,,0,0,0000-00-00,,,,,0,
1549569,29,,,24,MartinB,"Pago emision billetes ITA Airways",0,0,0,2025-07-07,2025-07-07,2WTW6NIB,PabloE,2025-07-09,08:26,2400.00,EUR,1.00,2400.00,422777,F6I,,,,,0,0,0000-00-00,,,0,1,0,0.00,0,0,0,0,0000-00-00,,0,0,0000-00-00,,,,,0,
1550879,30,,,7,PabloE,"1ER PAGO Japon",0,0,0,2025-07-08,2025-07-08,6KS57267,PabloE,2025-07-08,08:31,35032.81,USD,1.00,35032.81,410263,7K1,,,,,0,0,0000-00-00,,,0,0,0,0.00,0,0,0,0,0000-00-00,,0,0,0000-00-00,,,,,0,
1552041,31,,,20,PabloE,"Pago directo con tarjeta de credito de la pasajera",0,0,0,2025-07-01,2025-07-09,2WTW6NIB,PabloE,2025-07-09,08:19,7014.00,EUR,1.16,8136.24,420586,00B,,,,,0,0,0000-00-00,,,0,0,0,0.00,0,0,0,0,0000-00-00,,0,0,0000-00-00,,,,,0,
1554179,32,,,25,MartinB,"Pago servicios turisticos - Hotel ",0,0,0,2025-07-10,2025-07-11,6KS57267,PabloE,2025-07-14,09:17,2600.00,USD,0.86,3009.42,423490,7K1,,,"Pago con link de pago Stripe",,0,0,0000-00-00,,,0,1,0,0.00,0,0,0,0,0000-00-00,,0,0,0000-00-00,,,,,0,
1555806,33,,,27,BlancaO,"Justificante pago 1",0,0,0,2025-07-14,2025-07-14,2WTW6NIB,PabloE,2025-07-14,09:15,15000.00,EUR,1.00,15000.00,424057,F6I,,,,,0,0,0000-00-00,,,0,1,0,0.00,0,0,0,0,0000-00-00,,0,0,0000-00-00,,,,,0,
1555807,34,,,27,BlancaO,"Justificante pago 2",0,0,0,2025-07-14,2025-07-14,2WTW6NIB,PabloE,2025-07-14,09:15,1640.00,EUR,1.00,1640.00,424057,F6I,,,,,0,0,0000-00-00,,,0,1,0,0.00,0,0,0,0,0000-00-00,,0,0,0000-00-00,,,,,0,
1555808,35,,,27,BlancaO,Vuelos,0,0,0,2025-07-14,2025-07-14,2WTW6NIB,PabloE,2025-07-14,09:14,12683.00,EUR,1.00,12683.00,424057,F6I,,,,,0,0,0000-00-00,,,0,1,0,0.00,0,0,0,0,0000-00-00,,0,0,0000-00-00,,,,,0,
1560605,36,,,28,MartinB,"Pago billetes IB - MAD MEX",0,0,0,2025-07-17,2025-07-17,,,0000-00-00,,5240.00,USD,0.91,5744.71,424563,7K1,,,"Pago con AMEX por link de Stripe",,0,1,2025-09-18,IsaacG,"Error en el importe",0,0,0,0.00,0,0,0,0,0000-00-00,,0,0,0000-00-00,,,,,0,
1562088,37,,,29,MartinB,"Pago emisión billete A3",0,0,0,2025-07-18,2025-07-18,2WTW6NIB,PabloE,2025-07-22,06:25,197.41,EUR,1.00,197.41,416251,00B,,,,,0,0,0000-00-00,,,0,0,0,0.00,0,0,0,0,0000-00-00,,0,0,0000-00-00,,,,,0,
1562090,38,,,30,MartinB,"Pago emisión aéreos BA",0,0,0,2025-07-16,2025-07-18,2WTW6NIB,PabloE,2025-07-22,06:26,14969.85,EUR,1.00,14969.85,425060,F6I,,,,,0,0,0000-00-00,,,0,0,0,0.00,0,0,0,0,0000-00-00,,0,0,0000-00-00,,,,,0,
1563941,39,,,13,AndreaG,"Pago 2 50% Terrestre",0,0,0,2025-07-20,2025-07-20,2WTW6NIB,PabloE,2025-07-22,06:23,12605.00,EUR,1.00,12605.00,410267,F6I,,,,,0,0,0000-00-00,,,0,0,0,0.00,0,0,0,0,0000-00-00,,0,0,0000-00-00,,,,,0,
1565545,40,,,9,AndreaG,"Pago 2 terrestre (Segundo pago)",0,0,0,2025-07-22,2025-07-22,2WTW6NIB,PabloE,2025-07-23,08:07,6694.00,EUR,1.00,6694.00,410955,F6I,,,,,0,0,0000-00-00,,,0,0,0,0.00,0,0,0,0,0000-00-00,,0,0,0000-00-00,,,,,0,
1565565,41,,,23,FernandaS,"Reservación Backstage Hotel Zermatt Dec-Ene",0,0,0,2025-07-04,2025-07-22,2WTW6NIB,PabloE,2025-07-23,08:13,29051.73,EUR,1.00,29051.73,422242,F6I,,,"Transferencia hecha el 4 de Julio y recibida el 7 de Julio. Confirmado por Whatsapp.",,0,0,0000-00-00,,,0,0,0,0.00,0,0,0,0,0000-00-00,,0,0,0000-00-00,,,,,0,
1565566,42,,,23,FernandaS,"Seguro de Libre Desistimiento AON",0,0,0,2025-07-22,2025-07-22,,,0000-00-00,,120810.00,EUR,1.00,120810.00,422242,F6I,Santander,,"Transferencia hecha el 14 de Julio. Comprobante enviado por Whatsapp.",,0,1,2025-07-23,PabloE,"Monto erroneo",0,0,0,0.00,0,0,0,0,0000-00-00,,0,0,0000-00-00,,,,,0,
1565570,43,,,23,FernandaS,"Seguro de Libre Desistimiento AON",0,0,0,2025-07-22,2025-07-22,2WTW6NIB,PabloE,2025-07-29,07:52,1208.10,EUR,1.00,1208.10,422242,F6I,Santander,,,,0,0,0000-00-00,,,0,0,0,0.00,0,0,0,0,0000-00-00,,0,0,0000-00-00,,,,,0,
1568059,44,,,30,ConchaD,"Primer Pago Terrestre ",0,0,0,2025-07-24,2025-07-24,2WTW6NIB,PabloE,2025-07-29,07:52,32439.50,EUR,1.00,32439.50,425060,F6I,,,,,0,0,0000-00-00,,,0,0,0,0.00,0,0,0,0,0000-00-00,,0,0,0000-00-00,,,,,0,
1570656,45,,,9,AndreaG,"Pago Carla ",0,0,0,2025-07-28,2025-07-28,2WTW6NIB,PabloE,2025-07-29,07:51,850.00,EUR,1.00,850.00,410955,F6I,,,,,0,0,0000-00-00,,,0,0,0,0.00,0,0,0,0,0000-00-00,,0,0,0000-00-00,,,,,0,
1573231,46,"PAGADO - B. MARCH EUR",,9,AndreaG,"Pago visados",0,0,0,2025-07-30,2025-07-30,2WTW6NIB,AriadnaR,2025-08-01,20:37,220.00,EUR,1.00,220.00,410955,F6I,,,,,0,0,0000-00-00,,,0,1,0,0.00,0,0,0,0,0000-00-00,,0,0,0000-00-00,,,,,0,
1573291,47,,,16,ConchaD,"Pago extra ",0,0,0,2025-07-30,2025-07-30,58F4C17Z,PabloE,2025-08-19,05:55,632.00,USD,1.00,632.00,419042,F6I,,,,,0,0,0000-00-00,,,0,0,0,0.00,0,0,0,0,0000-00-00,,0,0,0000-00-00,,,,,0,
1576028,48,,,33,AndreaG,"PAGO HOTEL",0,0,0,2025-08-01,2025-08-01,58F4C17Z,PabloE,2025-08-19,05:30,4815.00,USD,1.00,4815.00,427648,00B,,,,,0,0,0000-00-00,,,0,0,0,0.00,0,0,0,0,0000-00-00,,0,0,0000-00-00,,,,,0,
1578350,49,"COBRADO - BANCA MARCH USD",,16,ConchaD,"Tercer Pago ",0,0,0,2025-06-20,2025-08-04,58F4C17Z,SalvadorR,2025-08-04,10:25,19325.50,USD,1.00,19325.50,419042,F6I,,,,,0,0,0000-00-00,,,0,0,0,0.00,0,0,0,0,0000-00-00,,0,0,0000-00-00,,,,,0,
1580039,50,,,17,AndreaG,"Segundo pago ",0,0,0,2025-08-05,2025-08-05,2WTW6NIB,PabloE,2025-08-08,11:34,12733.00,EUR,1.00,12733.00,419317,F6I,,,,,0,0,0000-00-00,,,0,1,0,0.00,0,0,0,0,0000-00-00,,0,0,0000-00-00,,,,,0,
1580042,51,,,32,AndreaG,"great plains deposito",0,0,0,2025-08-05,2025-08-05,2WTW6NIB,PabloE,2025-08-19,05:39,750.00,EUR,1.00,750.00,417999,F6I,ING,,,,0,0,0000-00-00,,,0,1,0,0.00,0,0,0,0,0000-00-00,,0,0,0000-00-00,,,,,0,
1596225,52,,,1,ConchaD,"Pago Prueba ",0,0,0,2025-08-20,2025-08-20,2WTW6NIB,IsaacG,2025-08-20,03:50,119.05,EUR,0.84,100.00,406243,F6I,,,,,0,0,0000-00-00,,,0,0,0,0.00,0,0,0,0,0000-00-00,,0,0,0000-00-00,,,,,0,
1596226,53,,,1,ConchaD,"Segundo Pago",0,0,0,2025-08-20,2025-08-20,2WTW6NIB,IsaacG,2025-08-20,03:50,40697.67,EUR,0.86,35000.00,406243,F6I,,,,,0,0,0000-00-00,,,0,0,0,0.00,0,0,0,0,0000-00-00,,0,0,0000-00-00,,,,,0,
1596231,54,,,34,AndreaG,"Primer pago (100% vuelos + 50% terrestre)",0,0,0,2025-08-20,2025-08-20,2WTW6NIB,IsaacG,2025-08-21,04:45,20032.00,EUR,1.00,20032.00,431025,F6I,SANTANDER,,,,0,0,0000-00-00,,,0,1,0,0.00,0,0,0,0,0000-00-00,,0,0,0000-00-00,,,,,0,
1602735,55,,,7,ConchaD,"Segundo Pago",0,0,0,2025-07-16,2025-08-27,6KS57267,IsaacG,2025-09-02,05:00,39530.00,USD,1.00,39530.00,410263,F6I,,,,,0,0,0000-00-00,,,0,1,0,0.00,0,0,0,0,0000-00-00,,0,0,0000-00-00,,,,,0,
1611415,56,,,36,AnaTeresa,"Pago Adelanto 30%",0,0,0,2025-09-04,2025-09-04,2WTW6NIB,IsaacG,2025-09-08,02:58,1606.35,EUR,1.00,1606.35,432959,F6I,,,,,0,0,0000-00-00,,,0,1,0,0.00,0,0,0,0,0000-00-00,,0,0,0000-00-00,,,,,0,
1611416,57,,,36,MartinB,"Pago billetes aéreos",0,0,0,2025-09-04,2025-09-04,2WTW6NIB,IsaacG,2025-09-10,03:17,388.00,EUR,1.00,388.00,432959,F6I,,,,,0,0,0000-00-00,,,0,1,0,0.00,0,0,0,0,0000-00-00,,0,0,0000-00-00,,,,,0,
1611417,58,"COBRADO - B. MARCH USD",,37,ConchaD,"Primer Pago ",0,0,0,2025-09-04,2025-09-04,58F4C17Z,AriadnaR,2025-09-05,14:20,20487.00,USD,1.00,20487.00,433410,F6I,,,"Transferencia a la cuenta de Banca March USD ",,0,0,0000-00-00,,,0,0,0,0.00,0,0,0,0,0000-00-00,,0,0,0000-00-00,,,,,0,
1615582,59,"COBRADO - B. MARCH EUR",,27,BlancaO,"Justificante Pago 3",0,0,0,2025-09-09,2025-09-09,2WTW6NIB,AriadnaR,2025-09-09,13:48,15000.00,EUR,1.00,15000.00,424057,F6I,,,,,0,0,0000-00-00,,,0,1,0,0.00,0,0,0,0,0000-00-00,,0,0,0000-00-00,,,,,0,
1618426,60,,,23,MartinB,"Pago emisión aéreos Iberia",0,0,0,2025-09-12,2025-09-12,2WTW6NIB,IsaacG,2025-09-15,08:47,2284.00,EUR,1.00,2284.00,422242,F6I,,,,,0,0,0000-00-00,,,0,1,0,0.00,0,0,0,0,0000-00-00,,0,0,0000-00-00,,,,,0,
1620175,61,,,38,MartinB,"Pago emisión billetes Iberia - MAD GVA MAD",0,0,0,2025-09-15,2025-09-15,2WTW6NIB,IsaacG,2025-09-17,03:08,1042.00,EUR,1.00,1042.00,434214,3YX,,,,,0,0,0000-00-00,,,0,1,0,0.00,0,0,0,0,0000-00-00,,0,0,0000-00-00,,,,,0,
1621040,62,,,27,BlancaO,"Justificante Pago 4",0,0,0,2025-09-15,2025-09-15,2WTW6NIB,IsaacG,2025-09-16,02:49,1640.00,EUR,1.00,1640.00,424057,F6I,,,,,0,0,0000-00-00,,,0,1,0,0.00,0,0,0,0,0000-00-00,,0,0,0000-00-00,,,,,0,
1623654,63,LINK-STRIPE,,28,MartinB,"Pago billetes aéreos",0,0,0,2025-07-21,2025-09-18,6KS57267,AriadnaR,2025-10-13,05:27,5240.00,USD,0.87,6009.42,424563,7K1,,,,,0,0,0000-00-00,,,0,0,0,0.00,0,0,0,0,0000-00-00,,0,0,0000-00-00,,,,,0,
1629093,64,,,41,MartinB,"Compra billetes Iberia - 4 pasajeros MAD CAI MAD ",0,0,0,2025-09-23,2025-09-24,1N7N7W93,IsaacG,2025-10-16,05:06,5513.60,EUR,1.00,5513.60,436513,00B,,,,,0,0,0000-00-00,,,0,1,0,0.00,0,0,0,0,0000-00-00,,0,0,0000-00-00,,,,,0,
1630025,65,"COBRADO - BANCA MARCH EUR",,44,AlmudenaG,"Primer Pago ",0,0,0,2025-09-25,2025-09-25,2WTW6NIB,SalvadorR,2025-10-01,12:01,16059.77,EUR,1.00,16059.77,436753,F6I,,,,,0,0,0000-00-00,,,0,0,0,0.00,0,0,0,0,0000-00-00,,0,0,0000-00-00,,,,,0,
1630937,66,"COBRADO - BANCA MARCH EUR",,41,ConchaD,"Primer Pago Terrestre ",0,0,0,2025-09-26,2025-09-26,2WTW6NIB,SalvadorR,2025-10-02,10:35,19090.00,EUR,1.00,19090.00,436513,F6I,,,,,0,0,0000-00-00,,,0,0,0,0.00,0,0,0,0,0000-00-00,,0,0,0000-00-00,,,,,0,
1632409,67,,,38,FernandaS,"Lindt Home of Chocolate",0,0,0,2025-09-29,2025-09-29,,,0000-00-00,,47.50,EUR,1.00,47.50,434214,F6I,,,,,0,1,2025-10-02,SalvadorR,"solicitan cancelancion correo 2 oct",0,0,0,0.00,0,0,0,0,0000-00-00,,0,0,0000-00-00,,,,,0,
1632429,68,"COBRADO - BANCA MARCH EUR",,42,BlancaO,"Pago 1",0,0,0,2025-09-23,2025-09-29,2WTW6NIB,SalvadorR,2025-10-02,12:42,5652.50,EUR,1.00,5652.50,436518,F6I,,,,,0,0,0000-00-00,,,0,1,0,0.00,0,0,0,0,0000-00-00,,0,0,0000-00-00,,,,,0,
1632435,69,"COBRADO - BANCA MARCH EUR",,42,BlancaO,"Pago 2",0,0,0,2025-09-24,2025-09-29,2WTW6NIB,SalvadorR,2025-10-02,10:39,1650.00,EUR,1.00,1650.00,436518,F6I,,,,,0,0,0000-00-00,,,0,1,0,0.00,0,0,0,0,0000-00-00,,0,0,0000-00-00,,,,,0,
1632548,70,"COBRADO - BANCA MARCH EUR",,42,BlancaO,"Pago 3",0,0,0,2025-09-30,2025-09-29,2WTW6NIB,SalvadorR,2025-10-02,12:41,4002.50,EUR,1.00,4002.50,436518,F6I,,,,,0,0,0000-00-00,,,0,1,0,0.00,0,0,0,0,0000-00-00,,0,0,0000-00-00,,,,,0,
1633484,71,"COBRADO - BANCA MARCH EUR",,42,BlancaO,"Pago 4",0,0,0,2025-09-24,2025-09-30,2WTW6NIB,SalvadorR,2025-10-02,10:38,5652.50,EUR,1.00,5652.50,436518,F6I,,,,,0,0,0000-00-00,,,0,1,0,0.00,0,0,0,0,0000-00-00,,0,0,0000-00-00,,,,,0,
1633512,72,,,21,ConchaD,"Pago Final ",0,0,0,2025-09-30,2025-09-30,2WTW6NIB,IsaacG,2025-10-06,04:51,16492.00,EUR,1.00,16492.00,421132,F6I,,,,,0,0,0000-00-00,,,0,0,0,0.00,0,0,0,0,0000-00-00,,0,0,0000-00-00,,,,,0,
1635167,73,"COBRADO - BANCA MARCH EUR",,45,AlmudenaG,"Primer pago Belen y Juan",0,0,0,2025-09-30,2025-10-01,2WTW6NIB,SalvadorR,2025-10-02,12:43,5122.12,EUR,1.00,5122.12,436754,F6I,Revolut,,,,0,0,0000-00-00,,,0,0,0,0.00,0,0,0,0,0000-00-00,,0,0,0000-00-00,,,,,0,
1635306,74,"COBRADO - BANCA MARCH EUR",,42,BlancaO,"Pago 5",0,0,0,2025-10-02,2025-10-01,2WTW6NIB,SalvadorR,2025-10-02,12:42,5652.50,EUR,1.00,5652.50,436518,F6I,,,,,0,0,0000-00-00,,,0,1,0,0.00,0,0,0,0,0000-00-00,,0,0,0000-00-00,,,,,0,
1636193,75,,,38,FernandaS,"Pago total del Viaje (Sin diferencia coche alquiler)",0,0,0,2025-10-02,2025-10-02,,,0000-00-00,,1527.96,EUR,1.00,1527.96,434214,F6I,,,,,0,1,2025-10-02,SalvadorR,"Solicitan cancelacion correo 2 oct",0,0,0,0.00,0,0,0,0,0000-00-00,,0,0,0000-00-00,,,,,0,
1636194,76,,,38,FernandaS,"Pago de Total de Reservación (Sin contar pago diferencia de coche alquiler)",0,0,0,2025-10-02,2025-10-02,2WTW6NIB,IsaacG,2025-10-06,04:54,15727.96,EUR,1.00,15727.96,434214,F6I,,,,,0,0,0000-00-00,,,0,0,0,0.00,0,0,0,0,0000-00-00,,0,0,0000-00-00,,,,,0,
1636195,77,"Tarjeta Amex cliente",,38,FernandaS,"Pago de Diferencia del coche de alquiler",0,0,0,2025-10-07,2025-10-02,2WTW6NIB,AriadnaR,2025-10-13,07:50,540.26,EUR,1.00,540.26,434214,3YX,,,,,0,0,0000-00-00,,,0,0,0,0.00,0,0,0,0,0000-00-00,,0,0,0000-00-00,,,,,0,
1636202,78,"COBRADO - BANCA MARCH EUR",,48,ConchaD,"Primer Pago Margarita ",0,0,0,2025-10-01,2025-10-02,2WTW6NIB,SalvadorR,2025-10-03,09:31,21909.00,EUR,1.00,21909.00,437875,F6I,,,,,0,0,0000-00-00,,,0,0,0,0.00,0,0,0,0,0000-00-00,,0,0,0000-00-00,,,,,0,
1639332,79,TPV,,38,FernandaS,"Pago Faltante Baur au Lac Cuarto Extra Noche Extra y Boleto Museo ",0,0,0,2025-10-06,2025-10-06,2WTW6NIB,AriadnaR,2025-10-13,08:01,4871.70,EUR,1.00,4871.70,434214,3YX,,,,,0,0,0000-00-00,,,0,0,0,0.00,0,0,0,0,0000-00-00,,0,0,0000-00-00,,,,,0,
1643715,80,,,36,AnaTeresa,"Pago 70%",0,0,0,2025-10-10,2025-10-10,,,0000-00-00,,4356.80,EUR,1.00,4356.80,432959,F6I,,,,,0,1,2025-10-10,SalvadorR,"Se sustituye por RC81",0,0,0,0.00,0,0,0,0,0000-00-00,,0,0,0000-00-00,,,,,0,
1643717,81,,,36,AnaTeresa,"70% Restante pago ",0,0,0,2025-10-10,2025-10-10,V8HL8Y30,IsaacG,2025-10-16,05:04,3767.32,USD,0.86,4356.80,432959,F6I,,,,,0,0,0000-00-00,,,0,1,0,0.00,0,0,0,0,0000-00-00,,0,0,0000-00-00,,,,,0,
1647247,82,,,1,ConchaD,"Tercer Pago ",0,0,0,2025-10-15,2025-10-15,,,0000-00-00,,30000.00,USD,1.00,30000.00,406243,F6I,,,,,0,1,2025-10-29,IsaacG,"error moneda",0,0,0,0.00,0,0,0,0,0000-00-00,,0,0,0000-00-00,,,,,0,
1648481,83,,,52,MartinB,"Pago billetes aereos",0,0,0,2025-10-10,2025-10-16,2WTW6NIB,IsaacG,2025-11-03,04:19,26266.91,EUR,1.00,26266.91,439104,3YX,,,,,0,0,0000-00-00,,,0,0,0,0.00,0,0,0,0,0000-00-00,,0,0,0000-00-00,,,,,0,
1648483,84,,,53,MartinB,"Pago billetes aereos",0,0,0,2025-10-16,2025-10-16,2WTW6NIB,IsaacG,2025-11-03,04:50,19637.45,EUR,1.00,19637.45,440104,3YX,,,,,0,1,2025-11-03,IsaacG,error,0,0,0,0.00,0,0,0,0,0000-00-00,,0,0,0000-00-00,,,,,0,
1649803,85,,,54,FernandaS,"Pago de Total de Reservación y Seguro",0,0,0,2025-10-17,2025-10-17,,,0000-00-00,,18601.12,EUR,1.00,18601.12,440107,3YX,,,,,0,1,2025-10-17,AriadnaR,.,0,0,0,0.00,0,0,0,0,0000-00-00,,0,0,0000-00-00,,,,,0,
1649804,86,,,54,FernandaS,"Pago Total para la Reservación",0,0,0,2025-10-17,2025-10-17,,,0000-00-00,,20007.91,EUR,1.00,20007.91,440107,3YX,,,,,0,1,2025-11-21,EstherP,"L,",0,0,0,0.00,0,0,0,0,0000-00-00,,0,0,0000-00-00,,,,,0,
1652479,87,,,32,AndreaG,"segundo pago ",0,0,0,2025-10-21,2025-10-21,2WTW6NIB,IsaacG,2025-10-22,03:25,1000.00,EUR,1.00,1000.00,417999,F6I,,,,,0,0,0000-00-00,,,0,0,0,0.00,0,0,0,0,0000-00-00,,0,0,0000-00-00,,,,,0,
1652480,88,,,32,AndreaG,"Tercer pago ",0,0,0,2025-10-21,2025-10-21,2WTW6NIB,IsaacG,2025-10-22,03:25,1000.00,EUR,1.00,1000.00,417999,F6I,,,,,0,0,0000-00-00,,,0,0,0,0.00,0,0,0,0,0000-00-00,,0,0,0000-00-00,,,,,0,
1652548,89,"VENTA DIRECTA",,26,FernandaS,"Pago de Total de Reservación",0,0,0,2025-10-21,2025-10-21,D81L82X9,AriadnaR,2025-10-21,11:12,1536.00,EUR,1.00,1536.00,423688,00B,,,,,0,0,0000-00-00,,,0,0,0,0.00,0,0,0,0,0000-00-00,,0,0,0000-00-00,,,,,0,
1652587,90,,,38,FernandaS,"Pago de Cuarto Extra Chedi y Cuarto Extra Montreux Palace",0,0,0,2025-10-21,2025-10-21,2WTW6NIB,IsaacG,2025-11-03,04:16,3528.00,EUR,1.00,3528.00,434214,3YX,,,,,0,0,0000-00-00,,,0,0,0,0.00,0,0,0,0,0000-00-00,,0,0,0000-00-00,,,,,0,
1653423,91,,,53,AlejandraL,"Hotel Park Hyatt Niseko",0,0,0,2025-10-16,2025-10-22,D81L82X9,IsaacG,2025-10-23,03:30,23250.00,EUR,1.00,23250.00,440104,00B,,,,,0,0,0000-00-00,,,0,0,0,0.00,0,0,0,0,0000-00-00,,0,0,0000-00-00,,,,,0,
1653424,92,,,55,AlejandraL,"Estancia Hotel Arts Barcelona 1 noche",0,0,0,2025-10-21,2025-10-22,D81L82X9,IsaacG,2025-11-11,05:32,528.00,EUR,1.00,528.00,441126,00B,,,"Pagado directamente al hotel con tarjeta del cliente",,0,0,0000-00-00,,,0,0,0,0.00,0,0,0,0,0000-00-00,,0,0,0000-00-00,,,,,0,
1656455,93,,,52,HelenM,"Pago 100 terrestre",0,0,0,2025-10-27,2025-10-27,2WTW6NIB,IsaacG,2025-10-29,04:27,70538.00,EUR,1.00,70538.00,439104,F6I,,,,,0,0,0000-00-00,,,0,0,0,0.00,0,0,0,0,0000-00-00,,0,0,0000-00-00,,,,,0,
1656456,94,,,45,AlmudenaG,"Segundo pago Belen y Juan",0,0,0,2025-10-27,2025-10-27,2WTW6NIB,IsaacG,2025-10-29,04:33,4100.83,EUR,1.00,4100.83,436754,F6I,,,,,0,0,0000-00-00,,,0,1,0,0.00,0,0,0,0,0000-00-00,,0,0,0000-00-00,,,,,0,
1656457,95,,,45,AlmudenaG,"Pago vuelos",0,0,0,2025-09-24,2025-10-27,2WTW6NIB,IsaacG,2025-10-29,04:34,4688.80,EUR,1.00,4688.80,436754,F6I,,,,,0,0,0000-00-00,,,0,1,0,0.00,0,0,0,0,0000-00-00,,0,0,0000-00-00,,,,,0,
1658194,96,,,1,ConchaD,"Tercer Pago ",0,0,0,2025-10-03,2025-10-29,2WTW6NIB,IsaacG,2025-10-29,04:35,34883.72,EUR,0.86,30000.00,406243,F6I,,,,,0,1,2025-12-29,AriadnaR,"SE SUSTITYUYE ESTE RECIBO POR EL No. 164 (Concha) - AR",0,0,0,0.00,0,0,0,0,0000-00-00,,0,0,0000-00-00,,,,,0,
1658196,97,,,56,AndreaG,"Pago total ",0,0,0,2025-10-29,2025-10-29,2WTW6NIB,IsaacG,2025-11-03,03:53,24418.00,EUR,1.00,24418.00,442044,F6I,SABADELL,,,,0,0,0000-00-00,,,0,1,0,0.00,0,0,0,0,0000-00-00,,0,0,0000-00-00,,,,,0,
1661367,98,,,53,MartinB,"Pago billetes aereos IB+JL",0,0,0,2025-10-16,2025-11-03,2WTW6NIB,IsaacG,2025-11-03,04:57,20028.00,EUR,1.00,20028.00,440104,3YX,,,,,0,0,0000-00-00,,,0,0,0,0.00,0,0,0,0,0000-00-00,,0,0,0000-00-00,,,,,0,
1661368,99,,,53,AlejandraL,"Hotel tokyo ginza Edition",0,0,0,2025-11-08,2025-11-03,D81L82X9,IsaacG,2025-11-11,05:32,8561.00,EUR,1.00,8561.00,440104,00B,,,,,0,0,0000-00-00,,,0,0,0,0.00,0,0,0,0,0000-00-00,,0,0,0000-00-00,,,,,0,
1662819,100,,,57,AlmudenaG,"Pago depósito Paloma y Jorge",0,0,0,2025-10-30,2025-11-04,2WTW6NIB,IsaacG,2025-11-14,06:07,9331.23,EUR,1.00,9331.23,442429,F6I,,,,,0,0,0000-00-00,,,0,1,0,0.00,0,0,0,0,0000-00-00,,0,0,0000-00-00,,,,,0,
1662821,101,,,8,AndreaG,"Segundo Pago viaje Raquel & Celia",0,0,0,2025-11-04,2025-11-04,2WTW6NIB,IsaacG,2025-11-05,03:42,2392.00,EUR,1.00,2392.00,407585,F6I,,,,,0,0,0000-00-00,,,0,1,0,0.00,0,0,0,0,0000-00-00,,0,0,0000-00-00,,,,,0,
1663992,102,,,58,PaulinaA,"Pago por servicio Abu Dhabi",0,0,0,2025-11-05,2025-11-05,2WTW6NIB,IsaacG,2025-11-11,05:16,276.00,EUR,1.00,276.00,443078,3YX,,,"Ya incluye el 2% de comisión",,0,0,0000-00-00,,,0,0,0,0.00,0,0,0,0,0000-00-00,,0,0,0000-00-00,,,,,0,
1664258,103,,,58,PaulinaA,"Pago servicios Dubai",0,0,0,2025-11-05,2025-11-05,2WTW6NIB,IsaacG,2025-11-11,05:15,257.60,EUR,1.00,257.60,443078,3YX,,,,,0,0,0000-00-00,,,0,1,0,0.00,0,0,0,0,0000-00-00,,0,0,0000-00-00,,,,,0,
1664994,104,,,8,AndreaG,"Segundo Pago Nicolas",0,0,0,2025-11-10,2025-11-06,2WTW6NIB,EstherP,2025-11-20,06:45,2392.00,EUR,1.00,2392.00,407585,3YX,,,,,0,0,0000-00-00,,,0,0,0,0.00,0,0,0,0,0000-00-00,,0,0,0000-00-00,,,,,0,
1668273,105,,,60,FernandaS,"Pago de Total de Reservación",0,0,0,2025-11-11,2025-11-11,,,0000-00-00,,3366.50,EUR,1.00,3366.50,443996,3YX,,,,,0,1,2025-11-25,EstherP,.,0,1,0,0.00,0,0,0,0,0000-00-00,,0,0,0000-00-00,,,,,0,
1668802,106,,,62,AlmudenaG,"Primer pago Mar y Gonzalo",0,0,0,2025-11-12,2025-11-11,2WTW6NIB,IsaacG,2025-11-14,06:09,12109.47,EUR,1.00,12109.47,443252,F6I,,,,,0,0,0000-00-00,,,0,1,0,0.00,0,0,0,0,0000-00-00,,0,0,0000-00-00,,,,,0,
1669026,107,,,59,FernandaS,"Pago del 15%",0,0,0,2025-11-12,2025-11-12,,,0000-00-00,,7765.00,EUR,1.00,7765.00,443989,3YX,,,,,0,1,2025-11-20,EstherP,.,0,0,0,0.00,0,0,0,0,0000-00-00,,0,0,0000-00-00,,,,,0,
1669027,108,"AMEX CLIENTE",,61,MartinB,"Pago emisión billete IB | MAD-ROM-MAD",0,0,0,2025-11-19,2025-11-12,2WTW6NIB,AriadnaR,2025-11-20,10:19,920.10,EUR,1.00,920.10,440104,3YX,,,,,0,0,0000-00-00,,,0,1,0,0.00,0,0,0,0,0000-00-00,,0,0,0000-00-00,,,,,0,
1669028,109,,,63,AnaTeresa,"Pago Cliente ",0,0,0,2025-11-12,2025-11-12,2WTW6NIB,IsaacG,2025-11-14,06:08,1164.00,EUR,1.00,1164.00,412474,F6I,,,,,0,0,0000-00-00,,,0,1,0,0.00,0,0,0,0,0000-00-00,,0,0,0000-00-00,,,,,0,
1669859,110,,,59,FernandaS,"Pago por Vuelos MAD-CAI-LUX-CAI-CAI-MAD",0,0,0,2025-11-13,2025-11-13,,,0000-00-00,,7000.35,EUR,1.00,7000.35,443989,3YX,,,,,0,1,2025-11-25,EstherP,.,0,0,0,0.00,0,0,0,0,0000-00-00,,0,0,0000-00-00,,,,,0,
1669879,111,,,59,FernandaS,"FLORES - Pago Vuelos MAD-CAI-ASW-LUX-CAI-CAI-MAD",0,0,0,2025-11-13,2025-11-13,,,0000-00-00,,12196.80,EUR,1.00,12196.80,443989,3YX,,,,,0,1,2025-11-25,EstherP,.,0,1,0,0.00,0,0,0,0,0000-00-00,,0,0,0000-00-00,,,,,0,
1670697,112,"VISA cliente",,59,FernandaS,"Vuelos Aswan",0,0,0,2025-11-24,2025-11-14,2WTW6NIB,EstherP,2025-11-24,02:40,506.00,EUR,1.00,506.00,443989,3YX,,,,,0,0,0000-00-00,,,0,0,0,0.00,0,0,0,0,0000-00-00,,0,0,0000-00-00,,,,,0,
1670698,113,,,66,BlancaO,"Pago billetes aereos + asientos",0,0,0,2025-11-17,2025-11-14,2WTW6NIB,IsaacG,2025-11-17,04:10,1459.08,EUR,1.00,1459.08,444500,F6I,,,,,0,0,0000-00-00,,,0,1,0,0.00,0,0,0,0,0000-00-00,,0,0,0000-00-00,,,,,0,
1670699,114,"AMEX cliente",,53,MartinB,"Pago gastos Amex",0,0,0,2025-11-24,2025-11-14,2WTW6NIB,EstherP,2025-11-24,02:51,390.55,EUR,1.00,390.55,440104,3YX,,,,,0,0,0000-00-00,,,0,1,0,0.00,0,0,0,0,0000-00-00,,0,0,0000-00-00,,,,,0,
1672985,115,,,60,FernandaS,"Pago de Total de Reservación",0,0,0,2025-11-18,2025-11-18,,,0000-00-00,,1274.30,EUR,1.00,1274.30,443996,3YX,,,,,0,1,2025-12-10,SalvadorR,"Solicitan cancelacion por correo 10 dic",0,1,0,0.00,0,0,0,0,0000-00-00,,0,0,0000-00-00,,,,,0,
1675622,116,,,59,FernandaS,"Pago 15% de Reservación Lumiere Barco",0,0,0,2025-11-20,2025-11-20,,,0000-00-00,,7140.36,USD,0.75,9561.08,443989,3YX,,,,,0,1,2025-11-25,EstherP,.,0,1,0,0.00,0,0,0,0,0000-00-00,,0,0,0000-00-00,,,,,0,
1675623,117,"VISA cliente",,38,FernandaS,"Pago Noche Extra Villars Palace",0,0,0,2025-11-25,2025-11-20,2WTW6NIB,EstherP,2025-11-25,05:34,779.00,EUR,1.00,779.00,434214,3YX,,,,,0,0,0000-00-00,,,0,0,0,0.00,0,0,0,0,0000-00-00,,0,0,0000-00-00,,,,,0,
1676799,118,,,54,FernandaS,"Pago de Total de Reservación",0,0,0,2025-11-21,2025-11-21,,,0000-00-00,,18601.12,EUR,1.00,18601.12,440107,3YX,,,,,0,1,2025-11-21,EstherP,.,0,0,0,0.00,0,0,0,0,0000-00-00,,0,0,0000-00-00,,,,,0,
1676800,119,,,54,FernandaS,"Pago de Total de Reservación",0,0,0,2025-11-21,2025-11-21,,,0000-00-00,,19458.79,EUR,1.00,19458.79,440107,3YX,,,,,0,1,2025-11-21,EstherP,.,0,0,0,0.00,0,0,0,0,0000-00-00,,0,0,0000-00-00,,,,,0,
1676801,120,,,54,FernandaS,"Pago de Parte de la Reserva y Seguro de Libre Desitimiento ",0,0,0,2025-11-21,2025-11-21,,,0000-00-00,,18601.12,EUR,1.00,18601.12,440107,3YX,,,,,0,1,2025-11-24,EstherP,.,0,0,0,0.00,0,0,0,0,0000-00-00,,0,0,0000-00-00,,,,,0,
1676802,121,,,54,FernandaS,"Segunda Mitad de Reserva de Hotel",0,0,0,2025-11-21,2025-11-21,,,0000-00-00,,1406.79,EUR,1.00,1406.79,440107,3YX,,,,,0,1,2025-11-24,EstherP,.,0,0,0,0.00,0,0,0,0,0000-00-00,,0,0,0000-00-00,,,,,0,
1677728,122,,,1,ConchaD,"Pago final ",0,0,0,2025-11-21,2025-11-22,,,0000-00-00,,10392.00,USD,1.00,10392.00,406243,F6I,,,,,0,1,2025-11-27,IsaacG,error,0,1,0,0.00,0,0,0,0,0000-00-00,,0,0,0000-00-00,,,,,0,
1678191,123,,,69,FernandaS,"Pago de Total de Reservación",0,0,0,2025-11-24,2025-11-24,2WTW6NIB,IsaacG,2025-11-25,06:16,6855.00,EUR,1.00,6855.00,444910,F6I,,,,,0,0,0000-00-00,,,0,1,0,0.00,0,0,0,0,0000-00-00,,0,0,0000-00-00,,,,,0,
1678192,124,,,59,FernandaS,"Pago de Upgrades de Vuelos",0,0,0,2025-12-10,2025-11-24,2WTW6NIB,IsaacG,2025-12-10,04:30,770.00,EUR,1.00,770.00,443989,3YX,,,,,0,0,0000-00-00,,,0,1,0,0.00,0,0,0,0,0000-00-00,,0,0,0000-00-00,,,,,0,
1678193,125,,,30,ElenaM,"Erhardt India final 50%",0,0,0,2025-11-27,2025-11-24,2WTW6NIB,EstherP,2025-11-27,09:31,32439.00,EUR,1.00,32439.00,425060,F6I,caixabank,,,,0,0,0000-00-00,,,0,0,0,0.00,0,0,0,0,0000-00-00,,0,0,0000-00-00,,,,,0,
1678194,126,"AMEX cliente",,54,FernandaS,"Pago de Seguro y Primera Parte Hotel",0,0,0,2025-11-24,2025-11-24,2WTW6NIB,EstherP,2025-12-16,13:09,18601.12,EUR,1.00,18601.12,440107,3YX,,,,,0,0,0000-00-00,,,0,1,0,0.00,0,0,0,0,0000-00-00,,0,0,0000-00-00,,,,,0,
1678195,127,"AMEX cliente",,54,FernandaS,"Segunda Parte Reserva Hotel Monto Faltante",0,0,0,2025-11-24,2025-11-24,2WTW6NIB,EstherP,2025-12-16,13:09,857.67,EUR,1.00,857.67,440107,3YX,,,,,0,0,0000-00-00,,,0,1,0,0.00,0,0,0,0,0000-00-00,,0,0,0000-00-00,,,,,0,
1678202,128,"AMEX cliente",,60,FernandaS,"Pago de Total de Reservación",0,0,0,2025-11-19,2025-11-24,2WTW6NIB,EstherP,2025-12-10,11:21,3433.83,EUR,1.00,3433.83,443996,3YX,,,,,0,0,0000-00-00,,,0,1,0,0.00,0,0,0,0,0000-00-00,,0,0,0000-00-00,,,,,0,
1678219,129,"VISA cliente",,59,FernandaS,"Pago Total CORRECTO Lumière 15% de la Reserva",0,0,0,2025-11-24,2025-11-24,2WTW6NIB,EstherP,2025-12-16,13:11,7920.30,EUR,1.00,7920.30,443989,3YX,,,,,0,0,0000-00-00,,,0,1,0,0.00,0,0,0,0,0000-00-00,,0,0,0000-00-00,,,,,0,
1678222,130,"VISA cliente",,59,FernandaS,"Pago por Vuelos MAD-CAI-LUX-CAI-CAI-MAD CORRECTO",0,0,0,2025-11-13,2025-11-24,58F4C17Z,EstherP,2025-12-16,13:13,7140.36,USD,0.75,9561.08,443989,3YX,,,,,0,0,0000-00-00,,,0,1,0,0.00,0,0,0,0,0000-00-00,,0,0,0000-00-00,,,,,0,
1678224,131,"AMEX cliente",,59,FernandaS,"FLORES - Pago Vuelos MAD-CAI-ASW-LUX-CAI-CAI-MAD CORRECTO",0,0,0,2025-12-02,2025-11-24,2WTW6NIB,IsaacG,2025-12-02,05:29,12440.74,EUR,1.00,12440.74,443989,3YX,,,,,0,0,0000-00-00,,,0,1,0,0.00,0,0,0,0,0000-00-00,,0,0,0000-00-00,,,,,0,
1678328,132,,,67,AlejandraL,"Pago Billete de Avion Miami",0,0,0,2025-11-18,2025-11-24,,,0000-00-00,,590890.00,EUR,1.00,590890.00,440104,3YX,,,,,0,1,2025-11-24,EstherP,.,0,0,0,0.00,0,0,0,0,0000-00-00,,0,0,0000-00-00,,,,,0,
1678337,133,,,61,AlejandraL,"Hotel De Russie Roma",0,0,0,2025-11-20,2025-11-24,D81L82X9,IsaacG,2025-11-25,06:38,2630.00,EUR,1.00,2630.00,440104,00B,,,,,0,1,2025-12-17,SalvadorR,"Solicitan cancelacion por correo 17 dic",0,0,0,0.00,0,0,0,0,0000-00-00,,0,0,0000-00-00,,,,,0,
1678389,134,,,67,AndreaG,"Pago total cliente ",0,0,0,2025-11-26,2025-11-24,2WTW6NIB,IsaacG,2025-11-27,04:48,5908.90,EUR,1.00,5908.90,440104,3YX,,,,,0,0,0000-00-00,,,0,0,0,0.00,0,0,0,0,0000-00-00,,0,0,0000-00-00,,,,,0,
1680847,135,"Intercompany -CHASE USD",,1,ConchaD,"Pago Final Mauricio Gracia",0,0,0,2025-11-21,2025-11-27,6KS57267,SalvadorR,2025-11-28,08:55,10392.00,USD,1.00,10392.00,406243,7K1,"JPMorganChase ",,,,0,0,0000-00-00,,,0,1,0,0.00,0,0,0,0,0000-00-00,,0,0,0000-00-00,,,,,0,
1681582,136,"AMEX cliente",,59,FernandaS,"Pago Espinosa por Vuelos ",0,0,0,2025-12-10,2025-11-28,2WTW6NIB,IsaacG,2025-12-10,04:43,7992.00,EUR,1.00,7992.00,443989,3YX,,,,,0,0,0000-00-00,,,0,1,0,0.00,0,0,0,0,0000-00-00,,0,0,0000-00-00,,,,,0,
1683096,137,"AMEX cliente",,65,AndreaG,"Pago total ",0,0,0,2025-12-02,2025-12-01,2WTW6NIB,IsaacG,2025-12-02,05:27,1907.50,EUR,1.00,1907.50,444329,3YX,,,"pagado el 13NOV a través del link de pago. (martin lo hizo) ",,0,0,0000-00-00,,,0,1,0,0.00,0,0,0,0,0000-00-00,,0,0,0000-00-00,,,,,0,
1684526,138,,,37,ConchaD,"Segundo Pago ",0,0,0,2025-12-02,2025-12-02,2WTW6NIB,IsaacG,2025-12-02,05:41,1046.51,EUR,0.86,900.00,433410,3YX,,,"resdys ",,0,0,0000-00-00,,,0,0,0,0.00,0,0,0,0,0000-00-00,,0,0,0000-00-00,,,,,0,
1685697,139,,,56,AndreaG,"Pago extras",0,0,0,2025-12-04,2025-12-03,2WTW6NIB,IsaacG,2025-12-05,04:36,1835.00,EUR,1.00,1835.00,442044,F6I,,,,,0,0,0000-00-00,,,0,0,0,0.00,0,0,0,0,0000-00-00,,0,0,0000-00-00,,,,,0,
1686487,140,,,73,AlmudenaG,"Primer pago Pilar y Jesus",0,0,0,2025-12-04,2025-12-03,2WTW6NIB,IsaacG,2025-12-05,04:37,6442.96,EUR,1.00,6442.96,447669,F6I,,,,,0,0,0000-00-00,,,0,1,0,0.00,0,0,0,0,0000-00-00,,0,0,0000-00-00,,,,,0,
1686503,141,,,70,AlmudenaG,"Primer pago - emisión de vuelos Santi y Cris",0,0,0,2025-12-03,2025-12-03,,,0000-00-00,,5326.30,EUR,1.00,5326.30,446797,F6I,,,,,0,1,2025-12-17,EstherP,.,0,1,0,0.00,0,0,0,0,0000-00-00,,0,0,0000-00-00,,,,,0,
1686606,142,"VISA cliente",,32,AndreaG,"Cuarto pago Javi ",0,0,0,2025-12-04,2025-12-04,2WTW6NIB,EstherP,2025-12-16,12:26,246.50,EUR,1.00,246.50,417999,3YX,,,,,0,0,0000-00-00,,,0,0,0,0.00,0,0,0,0,0000-00-00,,0,0,0000-00-00,,,,,0,
1687397,143,"TPV Gannet",,72,AndreaG,"Pago Trini ",0,0,0,2025-12-05,2025-12-05,2WTW6NIB,EstherP,2025-12-18,04:34,1100.00,EUR,1.00,1100.00,447357,3YX,,,,,0,1,2025-12-18,EstherP,"cambio forma de pago ",0,0,0,0.00,0,0,0,0,0000-00-00,,0,0,0000-00-00,,,,,0,
1687398,144,"TPV Gannet",,72,AndreaG,"Pago Josefa",0,0,0,2025-12-05,2025-12-05,2WTW6NIB,EstherP,2025-12-18,04:34,1100.00,EUR,1.00,1100.00,447357,61R,,,,,0,0,0000-00-00,,,0,0,0,0.00,0,0,0,0,0000-00-00,,0,0,0000-00-00,,,,,0,
1687412,145,,,66,BlancaO,"DMC Osorio Viaje Sicilia",0,0,0,2025-12-05,2025-12-05,,,0000-00-00,,20360.00,EUR,1.00,20360.00,444500,F6I,,,,,0,1,2025-12-09,AriadnaR,"SE SUSTITUYE POR LOS RECIBOS No. 146 Y 147 - AR",0,0,0,0.00,0,0,0,0,0000-00-00,,0,0,0000-00-00,,,,,0,
1689388,146,,,66,BlancaO,"Pago 1",0,0,0,2025-12-09,2025-12-09,2WTW6NIB,EstherP,2025-12-16,12:21,18000.00,EUR,1.00,18000.00,444500,F6I,,,,,0,0,0000-00-00,,,0,1,0,0.00,0,0,0,0,0000-00-00,,0,0,0000-00-00,,,,,0,
1689389,147,,,66,BlancaO,"Pago 2",0,0,0,2025-12-09,2025-12-09,2WTW6NIB,EstherP,2025-12-16,12:22,2360.00,EUR,1.00,2360.00,444500,F6I,,,,,0,0,0000-00-00,,,0,1,0,0.00,0,0,0,0,0000-00-00,,0,0,0000-00-00,,,,,0,
1689393,148,,,75,HelenM,"Pago adelanto 50%",0,0,0,2025-12-05,2025-12-09,D81L82X9,EstherP,2025-12-18,05:07,1773.00,EUR,1.00,1773.00,439104,00B,,,,,0,0,0000-00-00,,,0,1,0,0.00,0,0,0,0,0000-00-00,,0,0,0000-00-00,,,,,0,
1690258,149,,,37,ConchaD,"Ultimo Pago Patricia Clark ",0,0,0,2025-12-09,2025-12-10,58F4C17Z,EstherP,2025-12-15,06:51,20427.00,USD,1.00,20427.00,433410,F6I,,,,,0,0,0000-00-00,,,0,1,0,0.00,0,0,0,0,0000-00-00,,0,0,0000-00-00,,,,,0,
1690323,150,,,59,FernandaS,"Pago Deposito Fam Henkel",0,0,0,2025-12-10,2025-12-10,,,0000-00-00,,776100.00,EUR,1.00,776100.00,443989,3YX,,,,,0,1,2025-12-10,SalvadorR,"Solicitan cancelacion por correo 10 dic",0,0,0,0.00,0,0,0,0,0000-00-00,,0,0,0000-00-00,,,,,0,
1690329,151,"AMEX cliente",,59,FernandaS,"Pago Deposito Fam Flores",0,0,0,2025-12-18,2025-12-10,2WTW6NIB,EstherP,2025-12-18,03:49,7761.00,EUR,1.00,7761.00,443989,3YX,,,,,0,0,0000-00-00,,,0,1,0,0.00,0,0,0,0,0000-00-00,,0,0,0000-00-00,,,,,0,
1690333,152,"VISA cliente",,59,FernandaS,"Pago Total Deposito Fam Henkel",0,0,0,2025-12-10,2025-12-10,2WTW6NIB,EstherP,2025-12-16,12:29,7761.00,EUR,1.00,7761.00,443989,3YX,,,,,0,0,0000-00-00,,,0,1,0,0.00,0,0,0,0,0000-00-00,,0,0,0000-00-00,,,,,0,
1690368,153,"AMEX cliente",,60,FernandaS,"Pago Erroneo con Tarjeta",0,0,0,2025-11-26,2025-12-10,2WTW6NIB,EstherP,2025-12-10,11:22,3000.00,EUR,1.00,3000.00,443996,3YX,,,"Pago erroneo con tarjeta",,0,0,0000-00-00,,,0,1,0,0.00,0,0,0,0,0000-00-00,,0,0,0000-00-00,,,,,0,
1691070,154,,,76,MartinB,"Pago emisión billetes",0,0,0,2025-12-10,2025-12-11,2WTW6NIB,EstherP,2025-12-16,12:32,1056.00,EUR,1.00,1056.00,448349,F6I,,,,,0,0,0000-00-00,,,0,1,0,0.00,0,0,0,0,0000-00-00,,0,0,0000-00-00,,,,,0,
1691150,155,"AMEX cliente",,71,MartinB,"Pago emisión billete AF y reemisión billete AM ",0,0,0,2025-11-28,2025-12-11,2WTW6NIB,EstherP,2025-12-11,10:48,3978.00,EUR,1.00,3978.00,419606,3YX,,,,,0,0,0000-00-00,,,0,0,0,0.00,0,0,0,0,0000-00-00,,0,0,0000-00-00,,,,,0,
1691172,156,,,70,AlmudenaG,"Primer pago servicios terrestres Santi y Cris",0,0,0,2025-12-15,2025-12-11,2WTW6NIB,EstherP,2025-12-16,12:27,9219.98,EUR,1.00,9219.98,446797,F6I,,,,,0,0,0000-00-00,,,0,1,0,0.00,0,0,0,0,0000-00-00,,0,0,0000-00-00,,,,,0,
1695692,157,,,70,AlmudenaG,"Pago de vuelos Santi",0,0,0,2025-11-27,2025-12-17,2WTW6NIB,EstherP,2025-12-18,04:55,2663.15,EUR,1.00,2663.15,446797,F6I,,,,,0,0,0000-00-00,,,0,1,0,0.00,0,0,0,0,0000-00-00,,0,0,0000-00-00,,,,,0,
1695693,158,,,70,AlmudenaG,"Pago vuelos Cris",0,0,0,2025-12-01,2025-12-17,2WTW6NIB,EstherP,2025-12-18,04:56,2663.15,EUR,1.00,2663.15,446797,F6I,,,,,0,0,0000-00-00,,,0,1,0,0.00,0,0,0,0,0000-00-00,,0,0,0000-00-00,,,,,0,
1695814,159,"AMEX cliente",226910,52,HelenM,"Pago extras hotel, instructor esquí y vuelo ",0,0,0,2025-12-24,2025-12-17,2WTW6NIB,EstherP,2025-12-26,01:23,2787.66,EUR,1.00,2787.66,439104,3YX,,,,,0,0,0000-00-00,,,0,1,0,0.00,0,0,0,0,0000-00-00,,0,0,0000-00-00,,,,,0,
1696699,160,"AMEX cliente",,34,AndreaG,"Segundo pago ( 50% terrestre)",0,0,0,2025-12-24,2025-12-18,2WTW6NIB,EstherP,2025-12-26,01:20,12184.00,EUR,1.00,12184.00,431025,F6I,Santander,,,,0,0,0000-00-00,,,0,1,0,0.00,0,0,0,0,0000-00-00,,0,0,0000-00-00,,,,,0,
1698980,161,"TPV Gannet",,72,AndreaG,"Pago Trini",0,0,0,2025-12-05,2025-12-22,2WTW6NIB,EstherP,2025-12-26,01:25,1100.00,EUR,1.00,1100.00,447357,61R,,,,,0,0,0000-00-00,,,0,0,0,0.00,0,0,0,0,0000-00-00,,0,0,0000-00-00,,,,,0,
1699017,162,,,61,MartinB,"Pago Hotel De Russie Roma",0,0,0,2025-12-22,2025-12-22,D81L82X9,EstherP,2025-12-26,01:27,2900.00,EUR,1.00,2900.00,440104,00B,,,,,0,0,0000-00-00,,,0,0,0,0.00,0,0,0,0,0000-00-00,,0,0,0000-00-00,,,,,0,
1702006,163,"VISA cliente",06733I,79,MartinB,"Pago billetes IB -- MAD CMN//RAK-MAD",0,0,0,2025-12-29,2025-12-29,2WTW6NIB,EstherP,2025-12-31,04:09,3604.00,EUR,1.00,3604.00,434214,3YX,,,,,0,0,0000-00-00,,,0,1,0,0.00,0,0,0,0,0000-00-00,,0,0,0000-00-00,,,,,0,
1702385,164,"COBRADO - B. MARCH EUR",,1,ConchaD,"Tercer Pago Mauricio",0,0,0,2025-10-03,2025-12-29,2WTW6NIB,AriadnaR,2025-12-29,13:31,35133.00,EUR,0.85,30000.00,406243,F6I,,,,,0,0,0000-00-00,,,0,0,0,0.00,0,0,0,0,0000-00-00,,0,0,0000-00-00,,,,,0,
1702962,165,,,79,FernandaS,"Totalidad de Pago Reserva",0,0,0,2025-12-30,2025-12-30,,,0000-00-00,,23607.00,EUR,1.00,23607.00,434214,F6I,,,,,0,1,2025-12-31,EstherP,"Forma de pago interco",0,1,0,0.00,0,0,0,0,0000-00-00,,0,0,0000-00-00,,,,,0,
1704100,166,"AMEX cliente",,80,MartinB,"Pago billete IB - 11JAN - MAD NYC MAD",0,0,0,2026-01-09,2026-01-02,2WTW6NIB,SofiaR,2026-01-09,04:26,7131.85,EUR,1.00,7131.85,440104,3YX,,,,,0,1,2026-01-13,EstherP,"pasa a F87",0,1,0,0.00,0,0,0,0,0000-00-00,,0,0,0000-00-00,,,,,0,
1704101,167,"AMEX cliente",,80,MartinB,"Pago billete IB - 26JAN - MAD JFK MAD",0,0,0,2026-01-02,2026-01-02,2WTW6NIB,SofiaR,2026-01-09,04:27,5705.00,EUR,1.00,5705.00,440104,3YX,,,,,0,0,0000-00-00,,,0,1,0,0.00,0,0,0,0,0000-00-00,,0,0,0000-00-00,,,,,0,
1705436,168,,,81,MartinB,"Pago aereos y seguro",0,0,0,2026-01-08,2026-01-05,2WTW6NIB,SofiaR,2026-01-08,03:56,7000.00,EUR,1.00,7000.00,451453,F6I,,,,,0,0,0000-00-00,,,0,0,0,0.00,0,0,0,0,0000-00-00,,0,0,0000-00-00,,,,,0,
1707782,169,"Intercompany -WISE EUR",,79,FernandaS,"Pago de Total de Reservación",0,0,0,2025-12-30,2026-01-07,A4NYP5ID,SalvadorR,2026-01-12,08:24,23607.00,EUR,1.00,23607.00,434214,7K1,,,,,0,0,0000-00-00,,,0,0,0,0.00,0,0,0,0,0000-00-00,,0,0,0000-00-00,,,,,0,
1707844,170,"AMEX cliente",,59,FernandaS,"Pago de Total de Reservación - Fam Espinosa",0,0,0,2026-01-15,2026-01-07,2WTW6NIB,SofiaR,2026-01-15,03:18,7761.00,EUR,1.00,7761.00,443989,3YX,,,,,0,0,0000-00-00,,,0,1,0,0.00,0,0,0,0,0000-00-00,,0,0,0000-00-00,,,,,0,
1708897,171,,,76,BlancaO,"Pago Directo Le Grand Hôtel Cayré ",0,0,0,2026-01-08,2026-01-08,D81L82X9,EstherP,2026-01-09,07:17,6345.40,EUR,1.00,6345.40,448349,00B,,,,,0,0,0000-00-00,,,0,0,0,0.00,0,0,0,0,0000-00-00,,0,0,0000-00-00,,,,,0,
1709882,172,,,87,AlejandraL,"Pago reserva Hotel Peninsula NY",0,0,0,2026-01-09,2026-01-09,,,0000-00-00,,4964.00,EUR,1.00,4964.00,440104,00B,,,,,0,1,2026-01-09,EstherP,.,0,0,0,0.00,0,0,0,0,0000-00-00,,0,0,0000-00-00,,,,,0,
1709885,173,"Challenge Visa",,86,JimenaM,"Pago vuelos",0,0,0,2026-01-09,2026-01-09,2WTW6NIB,SofiaR,2026-01-13,03:35,944.00,EUR,1.00,944.00,452201,3YX,,,,,0,0,0000-00-00,,,0,1,0,0.00,0,0,0,0,0000-00-00,,0,0,0000-00-00,,,,,0,
1711422,174,,,89,ConchaD,"Primer Pago Vuelos - Alvaro y Larissa",0,0,0,2026-01-13,2026-01-12,2WTW6NIB,SofiaR,2026-01-13,03:21,1116.00,EUR,1.00,1116.00,452938,F6I,,,,,0,0,0000-00-00,,,0,0,0,0.00,0,0,0,0,0000-00-00,,0,0,0000-00-00,,,,,0,
1711523,175,"Pago Directo Hotel / Proveedor",,53,AlejandraL,"Hotel Janu Tokyo",0,0,0,2026-01-13,2026-01-12,1E5592P0,SofiaR,2026-01-13,03:43,1752.78,JPY,0.01,323570.00,440104,00B,,,,,0,0,0000-00-00,,,0,0,0,0.00,0,0,0,0,0000-00-00,,0,0,0000-00-00,,,,,0,
1712446,176,"AMEX cliente",,87,MartinB,"Pago emisión billete 11ENE",0,0,0,2026-01-09,2026-01-13,2WTW6NIB,SofiaR,2026-01-16,03:49,7131.85,EUR,1.00,7131.85,440104,3YX,,,,,0,0,0000-00-00,,,0,1,0,0.00,0,0,0,0,0000-00-00,,0,0,0000-00-00,,,,,0,
1712654,177,"AMEX cliente",,91,MartinB,"Pago emisión billete KLM",0,0,0,2026-01-13,2026-01-13,2WTW6NIB,SofiaR,2026-01-21,04:00,2967.08,EUR,1.00,2967.08,416251,3YX,,,,,0,0,0000-00-00,,,0,1,0,0.00,0,0,0,0,0000-00-00,,0,0,0000-00-00,,,,,0,
1713525,178,,,90,MartinB,"Pago billete MEX MAD MEX",0,0,0,2026-01-14,2026-01-14,,,0000-00-00,,262.84,EUR,1.00,262.84,453239,00B,,,,,0,1,2026-01-15,EstherP,"reserva cancelada por iberia",0,0,0,0.00,0,0,0,0,0000-00-00,,0,0,0000-00-00,,,,,0,
1713528,179,,,92,MartinB,"Pago emisión billete Air France",0,0,0,2026-01-14,2026-01-14,2WTW6NIB,SofiaR,2026-01-26,05:19,918.00,EUR,1.00,918.00,453447,3YX,,,,,0,0,0000-00-00,,,0,1,0,0.00,0,0,0,0,0000-00-00,,0,0,0000-00-00,,,,,0,
1714722,180,,,88,MartinB,"Pago billetes Turkish Airlines",0,0,0,2026-01-12,2026-01-15,2WTW6NIB,EstherP,2026-01-15,03:44,3842.20,EUR,1.00,3842.20,452456,F6I,,,,,0,0,0000-00-00,,,0,1,0,0.00,0,0,0,0,0000-00-00,,0,0,0000-00-00,,,,,0,
1717958,181,,,78,AndreaG,"Primer pago ",0,0,0,2025-12-24,2026-01-19,2WTW6NIB,SofiaR,2026-01-19,10:21,54629.00,EUR,1.00,54629.00,450306,F6I,,,,,0,0,0000-00-00,,,0,0,0,0.00,0,0,0,0,0000-00-00,,0,0,0000-00-00,,,,,0,
1717959,182,,,87,AlejandraL,"3 noches Hotel Peninsula NY",0,0,0,2026-01-19,2026-01-19,,,0000-00-00,,2858.30,USD,0.86,3326.78,440104,00B,,,,,0,1,2026-01-19,SofiaR,"Error de Moneda Folio",0,0,0,0.00,0,0,0,0,0000-00-00,,0,0,0000-00-00,,,,,0,
1717960,183,,,87,AlejandraL,"3 noches Hotel Peninsula NY",0,0,0,2026-01-19,2026-01-19,D81L82X9,EstherP,2026-01-19,06:48,2858.30,EUR,1.00,2858.30,440104,00B,,,,,0,0,0000-00-00,,,0,0,0,0.00,0,0,0,0,0000-00-00,,0,0,0000-00-00,,,,,0,
1717963,184,,,93,AlmudenaG,"Primer pago Rafa y Elena",0,0,0,2026-01-18,2026-01-19,2WTW6NIB,SofiaR,2026-01-19,09:43,6000.00,EUR,1.00,6000.00,454422,F6I,,,,,0,0,0000-00-00,,,0,1,0,0.00,0,0,0,0,0000-00-00,,0,0,0000-00-00,,,,,0,
1717964,185,,,93,AlmudenaG,"Segundo pago Rafa y Elena",0,0,0,2026-01-18,2026-01-19,2WTW6NIB,SofiaR,2026-01-19,09:42,4000.00,EUR,1.00,4000.00,454422,F6I,,,,,0,0,0000-00-00,,,0,1,0,0.00,0,0,0,0,0000-00-00,,0,0,0000-00-00,,,,,0,
1718004,186,,,73,AlmudenaG,"Segundo pago Pilar y Jesus",0,0,0,2026-01-07,2026-01-19,2WTW6NIB,SofiaR,2026-01-19,10:44,2859.06,EUR,1.00,2859.06,447669,F6I,,,,,0,0,0000-00-00,,,0,1,0,0.00,0,0,0,0,0000-00-00,,0,0,0000-00-00,,,,,0,
1720507,187,"AMEX cliente",,95,MartinB,"Pago billete Air France",0,0,0,2026-01-29,2026-01-21,2WTW6NIB,SofiaR,2026-01-29,04:35,985.79,EUR,1.00,985.79,416251,3YX,,,,,0,0,0000-00-00,,,0,1,0,0.00,0,0,0,0,0000-00-00,,0,0,0000-00-00,,,,,0,
1721743,188,,,5,EstherP,"FAM Concha",0,0,0,2026-01-22,2026-01-22,27XV7E25,EstherP,2026-01-22,12:32,1490.21,EUR,1.00,1490.21,410257,J12,,,,,0,0,0000-00-00,,,0,0,0,0.00,0,0,0,0,0000-00-00,,0,0,0000-00-00,,,,,0,
1722517,189,,,67,MartinB,"Pago reemisión 21ENE",0,0,0,2026-01-30,2026-01-23,D81L82X9,EstherP,2026-01-30,06:53,75.00,EUR,1.00,75.00,440104,3YX,,,,,0,0,0000-00-00,,,0,1,0,0.00,0,0,0,0,0000-00-00,,0,0,0000-00-00,,,,,0,
1722518,190,"AMEX cliente",,87,MartinB,"Pago reemisiones",0,0,0,2026-01-29,2026-01-23,2WTW6NIB,SofiaR,2026-01-29,04:35,505.10,EUR,1.00,505.10,440104,3YX,,,,,0,0,0000-00-00,,,0,1,0,0.00,0,0,0,0,0000-00-00,,0,0,0000-00-00,,,,,0,
1722522,191,"AMEX cliente",,96,AndreaG,"Pago total del cliente",0,0,0,2026-02-02,2026-01-23,2WTW6NIB,SofiaR,2026-02-03,03:58,7874.00,EUR,1.00,7874.00,455712,3YX,,,,,0,0,0000-00-00,,,0,1,0,0.00,0,0,0,0,0000-00-00,,0,0,0000-00-00,,,,,0,
1724022,192,,,91,MartinB,"Pago billete AZ",0,0,0,2026-01-14,2026-01-26,2WTW6NIB,SofiaR,2026-01-26,05:19,242.52,EUR,1.00,242.52,416251,3YX,,,,,0,0,0000-00-00,,,0,1,0,0.00,0,0,0,0,0000-00-00,,0,0,0000-00-00,,,,,0,
1724023,193,"Cargado a comisiones a Dic '25",Esther,32,AndreaG,"PAGO FINAL ",0,0,0,2026-01-26,2026-01-26,2WTW6NIB,EstherP,2026-01-26,10:29,1785.84,EUR,1.00,1785.84,417999,2YW,,,,,0,0,0000-00-00,,,0,0,0,0.00,0,0,0,0,0000-00-00,,0,0,0000-00-00,,,,,0,
1725125,194,,,36,AnaTeresa,"Comision restante ",0,0,0,2026-01-27,2026-01-27,,,0000-00-00,,78403.00,EUR,1.00,78403.00,432959,F6I,"Santander ",,,,0,1,2026-01-27,EstherP,"cantidad incorrecta ",0,1,0,0.00,0,0,0,0,0000-00-00,,0,0,0000-00-00,,,,,0,
1725127,195,,,98,AnaTeresa,"1er parte pago Luna de miel ",0,0,0,2026-01-27,2026-01-27,,,0000-00-00,,7457.98,EUR,1.19,8875.00,456331,3YX,,,,,0,1,2026-01-28,SofiaR,"Monto mal ingresado en corsario (Tasa de cambio erronea)",0,1,0,0.00,0,0,0,0,0000-00-00,,0,0,0000-00-00,,,,,0,
1725228,196,,,97,MartinB,"Pago billetes aéreos",0,0,0,2026-01-27,2026-01-27,2WTW6NIB,SofiaR,2026-01-28,04:09,46296.87,EUR,1.00,46296.87,456355,F6I,,,,,0,0,0000-00-00,,,0,1,0,0.00,0,0,0,0,0000-00-00,,0,0,0000-00-00,,,,,0,
1726088,197,"Frictionless Visa",,98,MartinB,"Primer pago servicios",0,0,0,2026-01-27,2026-01-28,2WTW6NIB,SofiaR,2026-01-28,04:53,8701.00,EUR,0.86,7446.00,456331,3YX,,,,,0,0,0000-00-00,,,0,1,0,0.00,0,0,0,0,0000-00-00,,0,0,0000-00-00,,,,,0,
1726215,198,"Visa Cliente",,99,FernandaS,"Primer Deposito Amankora",0,0,0,2026-01-28,2026-01-28,,,0000-00-00,,4045.41,EUR,1.00,4045.41,434214,3YX,,,,,0,1,2026-02-09,EstherP,"cantidad incorrecta ",0,1,0,0.00,0,0,0,0,0000-00-00,,0,0,0000-00-00,,,,,0,
1726270,199,"AMEX Cliente",,59,FernandaS,"Pago Final Flores",0,0,0,2026-02-05,2026-01-28,2WTW6NIB,SofiaR,2026-02-05,07:09,39805.00,EUR,1.00,39805.00,443989,3YX,,,,,0,0,0000-00-00,,,0,1,0,0.00,0,0,0,0,0000-00-00,,0,0,0000-00-00,,,,,0,
1728058,200,"PAGADO - VEXMAS MXN",,64,MartinB,"Pago billete AM",0,0,0,2026-01-30,2026-01-30,,,0000-00-00,,1034.61,MXN,0.05,21329.88,444309,7K1,,,,,0,0,0000-00-00,,,0,1,0,0.00,0,0,0,0,0000-00-00,,0,0,0000-00-00,,,,,0,
1728059,201,"PAGADO - B.MARCH EUR",,103,AlmudenaG,"Pago vuelos Cristina y Jose",0,0,0,2026-01-30,2026-01-30,2WTW6NIB,EstherP,2026-01-30,07:25,9937.00,EUR,1.00,9937.00,457383,F6I,,,,,0,0,0000-00-00,,,0,1,0,0.00,0,0,0,0,0000-00-00,,0,0,0000-00-00,,,,,0,
1728062,202,"VISA cliente",,101,MartinB,"Pago servicios de hotel, traslado y vuelo IB",0,0,0,2026-01-30,2026-01-30,2WTW6NIB,EstherP,2026-02-04,10:29,5539.00,EUR,1.00,5539.00,457207,3YX,,,,,0,0,0000-00-00,,,0,1,0,0.00,0,0,0,0,0000-00-00,,0,0,0000-00-00,,,,,0,
1729981,203,"Abanca EUR",,102,ConchaD,"Pago completo Santiago y Rocio ",0,0,0,2026-01-30,2026-02-02,4JC62HM8,EstherP,2026-02-02,06:14,14570.00,EUR,1.00,14570.00,457382,F6I,,,,,0,0,0000-00-00,,,0,1,0,0.00,0,0,0,0,0000-00-00,,0,0,0000-00-00,,,,,0,
1729982,204,,,102,ConchaD,"Pago total Michael y Belen ",0,0,0,2026-01-30,2026-02-02,4JC62HM8,SofiaR,2026-02-03,03:41,14570.00,EUR,1.00,14570.00,457382,F6I,,,,,0,0,0000-00-00,,,0,0,0,0.00,0,0,0,0,0000-00-00,,0,0,0000-00-00,,,,,0,
1730166,205,,,34,AndreaG,"Pago extras",0,0,0,2026-02-04,2026-02-03,4JC62HM8,SofiaR,2026-02-04,03:42,599.00,EUR,1.00,599.00,431025,F6I,,,,,0,0,0000-00-00,,,0,1,0,0.00,0,0,0,0,0000-00-00,,0,0,0000-00-00,,,,,0,
1732210,206,,,59,FernandaS,"Pago Final Henkel",0,0,0,2026-02-03,2026-02-04,4JC62HM8,SofiaR,2026-02-05,07:10,30669.00,EUR,1.00,30669.00,443989,F6I,,,,,0,0,0000-00-00,,,0,1,0,0.00,0,0,0,0,0000-00-00,,0,0,0000-00-00,,,,,0,
1732213,207,"AMEX cliente",,59,FernandaS,"Pago Final Wendlant Primer Link de Pago",0,0,0,2026-02-11,2026-02-04,2WTW6NIB,SofiaR,2026-02-12,04:52,13119.75,EUR,1.00,13119.75,443989,3YX,,,,,0,0,0000-00-00,,,0,1,0,0.00,0,0,0,0,0000-00-00,,0,0,0000-00-00,,,,,0,
1732215,208,"AMEX cliente",,59,FernandaS,"Pago Final Wendlant Segundo Link de Pago",0,0,0,2026-02-12,2026-02-04,2WTW6NIB,SofiaR,2026-02-12,04:52,13119.75,EUR,1.00,13119.75,443989,3YX,,,,,0,0,0000-00-00,,,0,1,0,0.00,0,0,0,0,0000-00-00,,0,0,0000-00-00,,,,,0,
1732367,209,"OK EN REDSYS",,86,JimenaM,"Segundo pago hoteles y seguro",0,0,0,2026-02-04,2026-02-04,,,0000-00-00,,5633.00,EUR,1.00,5633.00,452201,3YX,,,Redsys,,0,0,0000-00-00,,,0,1,0,0.00,0,0,0,0,0000-00-00,,0,0,0000-00-00,,,,,0,
1733527,210,,,100,JimenaM,"Pago 50% crucero",0,0,0,2026-01-29,2026-02-05,4JC62HM8,SofiaR,2026-02-05,07:00,4175.00,EUR,1.00,4175.00,457138,F6I,,,,,0,0,0000-00-00,,,0,1,0,0.00,0,0,0,0,0000-00-00,,0,0,0000-00-00,,,,,0,
1733722,211,,,105,AndreaG,"Pago total Reserva",0,0,0,2026-02-05,2026-02-05,4JC62HM8,SofiaR,2026-02-06,04:13,1584.00,EUR,1.00,1584.00,458506,F6I,,,,,0,0,0000-00-00,,,0,1,0,0.00,0,0,0,0,0000-00-00,,0,0,0000-00-00,,,,,0,
1735233,212,,,106,MartinB,"Pago billete KLM/Air France",0,0,0,2026-02-06,2026-02-06,,,0000-00-00,,2650.00,EUR,1.00,2650.00,458794,3YX,,,,,0,0,0000-00-00,,,0,1,0,0.00,0,0,0,0,0000-00-00,,0,0,0000-00-00,,,,,0,
1736586,213,,,67,AlejandraL,"Pago Remision 23 de Enero",0,0,0,2026-01-30,2026-02-09,,,0000-00-00,,215.00,EUR,1.00,215.00,440104,3YX,,,,,0,0,0000-00-00,,,0,1,0,0.00,0,0,0,0,0000-00-00,,0,0,0000-00-00,,,,,0,
1736587,214,"Visa Cliente",,99,FernandaS,"Primer Deposito Amankora",0,0,0,2026-01-28,2026-02-09,2WTW6NIB,EstherP,2026-02-09,06:41,4329.00,EUR,1.00,4329.00,434214,3YX,,,,,0,0,0000-00-00,,,0,0,0,0.00,0,0,0,0,0000-00-00,,0,0,0000-00-00,,,,,0,
1736588,215,,,67,AlejandraL,"Pago estancia 4 noches St Regis Bal Harbour",0,0,0,2026-02-09,2026-02-09,6KS57267,EstherP,2026-02-10,07:18,6240.44,USD,0.84,7410.36,440104,00B,,,,,0,0,0000-00-00,,,0,1,0,0.00,0,0,0,0,0000-00-00,,0,0,0000-00-00,,,,,0,
1738974,216,,,107,ConchaD,"Primer Pago Sara y Carlos ",0,0,0,2026-02-08,2026-02-10,4JC62HM8,SofiaR,2026-02-12,04:54,3630.00,EUR,1.00,3630.00,459192,F6I,,,,,0,0,0000-00-00,,,0,0,0,0.00,0,0,0,0,0000-00-00,,0,0,0000-00-00,,,,,0,
1739071,217,,,36,AnaTeresa,"Comision restante ",0,0,0,2026-01-26,2026-02-11,4JC62HM8,SofiaR,2026-02-12,04:56,784.03,EUR,1.00,784.03,432959,F6I,,,,,0,0,0000-00-00,,,0,1,0,0.00,0,0,0,0,0000-00-00,,0,0,0000-00-00,,,,,0,
1739311,218,,,109,ConchaD,"Primer pago deposito 50% terrestre y  100% vuelos ",0,0,0,2026-02-11,2026-02-11,,,0000-00-00,,26660.10,EUR,1.00,26660.10,459676,F6I,"BBVA ",,"Monica hizo la transferencia ",,0,0,0000-00-00,,,0,0,0,0.00,0,0,0,0,0000-00-00,,0,0,0000-00-00,,,,,0,
1739998,219,"Visa Cliente",,99,FernandaS,"Primer Pago Aereos",0,0,0,2026-02-12,2026-02-12,,,0000-00-00,,14000.00,EUR,1.00,14000.00,434214,3YX,,,,,0,0,0000-00-00,,,0,0,0,0.00,0,0,0,0,0000-00-00,,0,0,0000-00-00,,,,,0,
1739999,220,"Visa Cliente",,99,FernandaS,"Pago Total por Vuelos",0,0,0,2026-02-12,2026-02-12,,,0000-00-00,,14000.00,EUR,1.00,14000.00,434214,3YX,,,,,0,0,0000-00-00,,,0,0,0,0.00,0,0,0,0,0000-00-00,,0,0,0000-00-00,,,,,0,
1740000,221,"Visa Cliente",,99,FernandaS,"Pago Por Vuelos",0,0,0,2026-02-12,2026-02-12,,,0000-00-00,,6804.75,EUR,1.00,6804.75,434214,3YX,,,,,0,0,0000-00-00,,,0,0,0,0.00,0,0,0,0,0000-00-00,,0,0,0000-00-00,,,,,0,
